absolute_timestamp,accel_x,accel_y,accel_z
1775859184056,-0.095,-0.922,-0.365
1775859184076,-0.099,-0.921,-0.375
1775859184096,-0.088,-0.909,-0.394
1775859184115,-0.101,-0.905,-0.383
1775859184135,-0.104,-0.916,-0.377
1775859184155,-0.106,-0.923,-0.373
1775859184175,-0.108,-0.918,-0.373
1775859184194,-0.112,-0.909,-0.381
1775859184214,-0.115,-0.917,-0.390
1775859184234,-0.119,-0.921,-0.385
1775859184254,-0.118,-0.916,-0.382
1775859184273,-0.119,-0.915,-0.380
1775859184293,-0.122,-0.912,-0.377
1775859184313,-0.128,-0.921,-0.374
1775859184333,-0.128,-0.919,-0.365
1775859184353,-0.131,-0.927,-0.362
1775859184372,-0.132,-0.921,-0.367
1775859184392,-0.130,-0.922,-0.373
1775859184412,-0.126,-0.922,-0.366
1775859184432,-0.127,-0.922,-0.362
1775859184451,-0.121,-0.920,-0.363
1775859184471,-0.118,-0.920,-0.370
1775859184491,-0.116,-0.925,-0.372
1775859184511,-0.115,-0.913,-0.367
1775859184531,-0.109,-0.922,-0.383
1775859184550,-0.105,-0.947,-0.365
1775859184570,-0.112,-0.895,-0.363
1775859184590,-0.109,-0.910,-0.397
1775859184610,-0.112,-0.932,-0.386
1775859184629,-0.110,-0.922,-0.361
1775859184649,-0.106,-0.923,-0.365
1775859184669,-0.102,-0.907,-0.371
1775859184689,-0.107,-0.911,-0.367
1775859184709,-0.111,-0.920,-0.365
1775859184728,-0.102,-0.926,-0.358
1775859184748,-0.103,-0.912,-0.361
1775859184768,-0.105,-0.917,-0.375
1775859184788,-0.108,-0.921,-0.372
1775859184807,-0.107,-0.924,-0.364
1775859184827,-0.106,-0.922,-0.365
1775859184847,-0.110,-0.919,-0.366
1775859184867,-0.106,-0.923,-0.362
1775859184887,-0.109,-0.925,-0.356
1775859184906,-0.113,-0.923,-0.355
1775859184926,-0.112,-0.930,-0.358
1775859184946,-0.115,-0.930,-0.354
1775859184966,-0.118,-0.928,-0.355
1775859184985,-0.122,-0.927,-0.355
1775859185005,-0.122,-0.935,-0.346
1775859185025,-0.129,-0.939,-0.338
1775859185045,-0.134,-0.929,-0.335
1775859185064,-0.133,-0.925,-0.332
1775859185084,-0.134,-0.926,-0.336
1775859185104,-0.128,-0.952,-0.331
1775859185124,-0.129,-0.934,-0.322
1775859185144,-0.124,-0.901,-0.350
1775859185163,-0.114,-0.941,-0.372
1775859185183,-0.118,-0.942,-0.347
1775859185203,-0.113,-0.936,-0.348
1775859185223,-0.110,-0.925,-0.368
1775859185242,-0.111,-0.913,-0.372
1775859185262,-0.113,-0.915,-0.370
1775859185282,-0.109,-0.936,-0.369
1775859185302,-0.110,-0.930,-0.362
1775859185321,-0.111,-0.921,-0.360
1775859185341,-0.109,-0.928,-0.363
1775859185361,-0.121,-0.926,-0.359
1775859185381,-0.113,-0.929,-0.356
1775859185401,-0.113,-0.925,-0.359
1775859185420,-0.123,-0.934,-0.349
1775859185440,-0.119,-0.934,-0.338
1775859185460,-0.120,-0.937,-0.336
1775859185480,-0.120,-0.934,-0.329
1775859185499,-0.119,-0.931,-0.330
1775859185519,-0.113,-0.936,-0.330
1775859185539,-0.115,-0.931,-0.327
1775859185559,-0.113,-0.929,-0.326
1775859185578,-0.115,-0.931,-0.326
1775859185598,-0.111,-0.922,-0.326
1775859185618,-0.118,-0.927,-0.321
1775859185638,-0.122,-0.930,-0.314
1775859185657,-0.124,-0.928,-0.319
1775859185677,-0.119,-0.944,-0.313
1775859185697,-0.122,-0.922,-0.309
1775859185717,-0.125,-0.921,-0.330
1775859185737,-0.122,-0.941,-0.340
1775859185756,-0.127,-0.935,-0.326
1775859185776,-0.127,-0.939,-0.333
1775859185796,-0.123,-0.928,-0.339
1775859185816,-0.125,-0.927,-0.328
1775859185835,-0.123,-0.931,-0.322
1775859185855,-0.128,-0.935,-0.322
1775859185875,-0.122,-0.927,-0.327
1775859185895,-0.125,-0.929,-0.331
1775859185914,-0.130,-0.931,-0.337
1775859185934,-0.133,-0.940,-0.333
1775859185954,-0.130,-0.942,-0.333
1775859185974,-0.135,-0.933,-0.329
1775859185994,-0.139,-0.931,-0.324
1775859186013,-0.138,-0.936,-0.321
1775859186033,-0.135,-0.942,-0.320
1775859186053,-0.146,-0.939,-0.317
1775859186073,-0.150,-0.939,-0.314
1775859186092,-0.149,-0.935,-0.313
1775859186112,-0.153,-0.938,-0.312
1775859186132,-0.149,-0.938,-0.313
1775859186152,-0.145,-0.942,-0.310
1775859186172,-0.147,-0.936,-0.308
1775859186191,-0.145,-0.937,-0.314
1775859186211,-0.145,-0.941,-0.313
1775859186231,-0.143,-0.941,-0.307
1775859186251,-0.139,-0.935,-0.316
1775859186270,-0.142,-0.956,-0.314
1775859186290,-0.141,-0.922,-0.310
1775859186310,-0.144,-0.920,-0.331
1775859186330,-0.141,-0.943,-0.326
1775859186349,-0.148,-0.937,-0.310
1775859186369,-0.142,-0.938,-0.330
1775859186389,-0.146,-0.922,-0.334
1775859186409,-0.149,-0.936,-0.321
1775859186429,-0.149,-0.933,-0.315
1775859186448,-0.148,-0.939,-0.315
1775859186468,-0.149,-0.936,-0.307
1775859186488,-0.147,-0.928,-0.309
1775859186508,-0.147,-0.932,-0.322
1775859186527,-0.154,-0.941,-0.321
1775859186547,-0.156,-0.935,-0.323
1775859186567,-0.151,-0.936,-0.328
1775859186587,-0.151,-0.930,-0.327
1775859186606,-0.146,-0.933,-0.318
1775859186626,-0.149,-0.934,-0.315
1775859186646,-0.142,-0.933,-0.319
1775859186666,-0.147,-0.933,-0.318
1775859186686,-0.146,-0.934,-0.320
1775859186705,-0.145,-0.934,-0.321
1775859186725,-0.143,-0.935,-0.326
1775859186745,-0.147,-0.936,-0.324
1775859186765,-0.145,-0.934,-0.323
1775859186784,-0.145,-0.933,-0.323
1775859186804,-0.144,-0.931,-0.319
1775859186824,-0.143,-0.932,-0.320
1775859186844,-0.144,-0.938,-0.317
1775859186864,-0.146,-0.923,-0.319
1775859186883,-0.145,-0.948,-0.322
1775859186903,-0.143,-0.937,-0.313
1775859186923,-0.147,-0.908,-0.320
1775859186943,-0.145,-0.942,-0.333
1775859186962,-0.149,-0.940,-0.320
1775859186982,-0.146,-0.941,-0.323
1775859187002,-0.144,-0.927,-0.328
1775859187022,-0.143,-0.930,-0.323
1775859187041,-0.145,-0.934,-0.318
1775859187061,-0.146,-0.938,-0.314
1775859187081,-0.146,-0.931,-0.323
1775859187101,-0.150,-0.927,-0.331
1775859187121,-0.147,-0.933,-0.337
1775859187140,-0.153,-0.934,-0.330
1775859187160,-0.147,-0.937,-0.326
1775859187200,-0.151,-0.932,-0.319
1775859187219,-0.157,-0.933,-0.310
1775859187239,-0.154,-0.934,-0.311
1775859187259,-0.154,-0.934,-0.318
1775859187279,-0.154,-0.938,-0.319
1775859187299,-0.155,-0.936,-0.320
1775859187318,-0.153,-0.934,-0.323
1775859187338,-0.154,-0.937,-0.323
1775859187358,-0.152,-0.934,-0.325
1775859187378,-0.153,-0.931,-0.323
1775859187397,-0.152,-0.931,-0.328
1775859187417,-0.146,-0.931,-0.325
1775859187437,-0.146,-0.936,-0.325
1775859187457,-0.148,-0.932,-0.326
1775859187477,-0.148,-0.927,-0.326
1775859187496,-0.148,-0.918,-0.329
1775859187516,-0.152,-0.945,-0.325
1775859187536,-0.153,-0.930,-0.321
1775859187556,-0.148,-0.901,-0.331
1775859187575,-0.154,-0.942,-0.340
1775859187595,-0.162,-0.946,-0.318
1775859187615,-0.161,-0.938,-0.321
1775859187635,-0.154,-0.922,-0.336
1775859187654,-0.153,-0.930,-0.331
1775859187674,-0.151,-0.930,-0.323
1775859187694,-0.151,-0.938,-0.321
1775859187714,-0.148,-0.934,-0.324
1775859187734,-0.147,-0.920,-0.329
1775859187753,-0.146,-0.924,-0.334
1775859187773,-0.151,-0.932,-0.337
1775859187793,-0.147,-0.930,-0.339
1775859187813,-0.149,-0.926,-0.346
1775859187832,-0.151,-0.929,-0.351
1775859187852,-0.150,-0.929,-0.348
1775859187872,-0.149,-0.932,-0.355
1775859187892,-0.144,-0.929,-0.356
1775859187911,-0.145,-0.927,-0.354
1775859187931,-0.141,-0.929,-0.345
1775859187951,-0.134,-0.927,-0.346
1775859187971,-0.131,-0.928,-0.345
1775859187991,-0.129,-0.921,-0.347
1775859188010,-0.123,-0.923,-0.346
1775859188030,-0.121,-0.922,-0.348
1775859188050,-0.124,-0.918,-0.350
1775859188070,-0.117,-0.926,-0.350
1775859188089,-0.116,-0.923,-0.343
1775859188109,-0.126,-0.913,-0.345
1775859188129,-0.120,-0.926,-0.351
1775859188149,-0.122,-0.937,-0.343
1775859188169,-0.125,-0.887,-0.357
1775859188188,-0.121,-0.923,-0.381
1775859188208,-0.125,-0.931,-0.371
1775859188228,-0.124,-0.915,-0.380
1775859188248,-0.125,-0.899,-0.400
1775859188267,-0.119,-0.894,-0.396
1775859188287,-0.119,-0.907,-0.385
1775859188307,-0.116,-0.901,-0.399
1775859188327,-0.118,-0.900,-0.425
1775859188346,-0.113,-0.895,-0.441
1775859188366,-0.114,-0.909,-0.467
1775859188386,-0.120,-0.910,-0.451
1775859188406,-0.120,-0.911,-0.428
1775859188426,-0.124,-0.923,-0.424
1775859188445,-0.120,-0.923,-0.405
1775859188465,-0.118,-0.925,-0.398
1775859188485,-0.112,-0.921,-0.392
1775859188505,-0.116,-0.921,-0.368
1775859188524,-0.119,-0.935,-0.350
1775859188544,-0.112,-0.939,-0.329
1775859188564,-0.108,-0.937,-0.312
1775859188584,-0.097,-0.937,-0.324
1775859188603,-0.095,-0.931,-0.322
1775859188623,-0.095,-0.929,-0.305
1775859188643,-0.088,-0.924,-0.309
1775859188663,-0.086,-0.916,-0.341
1775859188683,-0.085,-0.924,-0.352
1775859188702,-0.091,-0.917,-0.354
1775859188722,-0.085,-0.926,-0.382
1775859188742,-0.079,-0.944,-0.387
1775859188762,-0.084,-0.899,-0.375
1775859188781,-0.075,-0.900,-0.391
1775859188801,-0.078,-0.918,-0.400
1775859188821,-0.081,-0.921,-0.402
1775859188841,-0.079,-0.913,-0.405
1775859188860,-0.071,-0.910,-0.408
1775859188880,-0.078,-0.908,-0.406
1775859188900,-0.075,-0.899,-0.405
1775859188920,-0.075,-0.915,-0.398
1775859188939,-0.084,-0.905,-0.391
1775859188959,-0.090,-0.897,-0.399
1775859188979,-0.088,-0.921,-0.385
1775859188999,-0.093,-0.932,-0.364
1775859189019,-0.094,-0.925,-0.366
1775859189038,-0.087,-0.921,-0.376
1775859189058,-0.092,-0.927,-0.364
1775859189078,-0.089,-0.923,-0.367
1775859189098,-0.089,-0.917,-0.384
1775859189117,-0.092,-0.918,-0.376
1775859189137,-0.091,-0.914,-0.380
1775859189157,-0.085,-0.922,-0.382
1775859189177,-0.096,-0.936,-0.360
1775859189197,-0.100,-0.932,-0.352
1775859189216,-0.098,-0.932,-0.354
1775859189236,-0.100,-0.927,-0.350
1775859189256,-0.098,-0.931,-0.346
1775859189276,-0.090,-0.930,-0.354
1775859189295,-0.093,-0.928,-0.353
1775859189315,-0.092,-0.915,-0.344
1775859189335,-0.093,-0.931,-0.347
1775859189355,-0.090,-0.950,-0.351
1775859189374,-0.091,-0.903,-0.353
1775859189394,-0.081,-0.912,-0.373
1775859189414,-0.092,-0.927,-0.365
1775859189434,-0.093,-0.930,-0.358
1775859189454,-0.086,-0.908,-0.377
1775859189473,-0.078,-0.918,-0.382
1775859189493,-0.077,-0.918,-0.358
1775859189513,-0.081,-0.898,-0.363
1775859189533,-0.076,-0.903,-0.385
1775859189552,-0.073,-0.897,-0.391
1775859189572,-0.073,-0.891,-0.391
1775859189592,-0.075,-0.892,-0.392
1775859189612,-0.070,-0.883,-0.387
1775859189631,-0.068,-0.901,-0.413
1775859189651,-0.071,-0.903,-0.418
1775859189671,-0.069,-0.905,-0.424
1775859189691,-0.069,-0.895,-0.443
1775859189711,-0.067,-0.897,-0.456
1775859189730,-0.069,-0.897,-0.468
1775859189750,-0.063,-0.903,-0.453
1775859189770,-0.058,-0.897,-0.435
1775859189790,-0.051,-0.895,-0.455
1775859189809,-0.047,-0.882,-0.473
1775859189829,-0.044,-0.884,-0.481
1775859189849,-0.041,-0.889,-0.478
1775859189869,-0.030,-0.887,-0.497
1775859189888,-0.033,-0.878,-0.511
1775859189908,-0.026,-0.860,-0.512
1775859189928,-0.021,-0.875,-0.510
1775859189948,-0.022,-0.865,-0.502
1775859189968,-0.011,-0.882,-0.494
1775859189987,-0.002,-0.862,-0.491
1775859190007,-0.002,-0.813,-0.519
1775859190027,-0.004,-0.806,-0.545
1775859190047,-0.005,-0.822,-0.542
1775859190066,-0.008,-0.847,-0.538
1775859190086,-0.015,-0.848,-0.541
1775859190106,-0.012,-0.849,-0.558
1775859190126,-0.011,-0.850,-0.546
1775859190146,-0.007,-0.855,-0.531
1775859190165,0.000,-0.840,-0.536
1775859190185,0.005,-0.837,-0.559
1775859190205,0.002,-0.815,-0.574
1775859190225,0.002,-0.836,-0.571
1775859190244,-0.001,-0.841,-0.554
1775859190264,0.001,-0.828,-0.546
1775859190284,0.006,-0.805,-0.566
1775859190304,0.002,-0.832,-0.573
1775859190324,-0.002,-0.826,-0.568
1775859190343,0.004,-0.819,-0.571
1775859190363,-0.002,-0.802,-0.579
1775859190383,0.000,-0.802,-0.596
1775859190403,-0.001,-0.817,-0.600
1775859190422,0.001,-0.814,-0.595
1775859190442,-0.003,-0.802,-0.593
1775859190462,-0.001,-0.789,-0.605
1775859190482,-0.012,-0.816,-0.619
1775859190501,-0.004,-0.811,-0.610
1775859190521,-0.009,-0.793,-0.600
1775859190541,-0.015,-0.803,-0.599
1775859190561,-0.011,-0.813,-0.599
1775859190581,-0.008,-0.825,-0.607
1775859190600,0.003,-0.831,-0.594
1775859190620,0.007,-0.826,-0.575
1775859190640,0.008,-0.793,-0.581
1775859190660,0.018,-0.792,-0.611
1775859190679,0.008,-0.800,-0.609
1775859190699,0.009,-0.785,-0.596
1775859190719,0.018,-0.788,-0.613
1775859190739,0.012,-0.808,-0.600
1775859190759,0.012,-0.801,-0.587
1775859190778,0.017,-0.811,-0.596
1775859190798,0.020,-0.807,-0.605
1775859190818,0.022,-0.800,-0.601
1775859190838,0.027,-0.796,-0.608
1775859190857,0.026,-0.796,-0.610
1775859190877,0.020,-0.821,-0.597
1775859190897,0.012,-0.805,-0.590
1775859190917,0.042,-0.809,-0.588
1775859190936,0.033,-0.849,-0.547
1775859190956,0.033,-0.786,-0.549
1775859190976,0.037,-0.793,-0.594
1775859190996,0.022,-0.827,-0.593
1775859191016,0.015,-0.812,-0.597
1775859191035,0.010,-0.802,-0.610
1775859191055,0.017,-0.815,-0.613
1775859191075,0.015,-0.804,-0.602
1775859191095,0.015,-0.796,-0.609
1775859191114,0.022,-0.800,-0.617
1775859191134,0.030,-0.831,-0.597
1775859191154,0.030,-0.813,-0.570
1775859191174,0.032,-0.795,-0.580
1775859191193,0.029,-0.839,-0.560
1775859191213,0.034,-0.863,-0.504
1775859191233,0.022,-0.837,-0.503
1775859191253,0.023,-0.804,-0.567
1775859191272,0.017,-0.833,-0.598
1775859191292,0.020,-0.832,-0.579
1775859191312,0.020,-0.823,-0.582
1775859191332,0.030,-0.825,-0.600
1775859191352,0.028,-0.819,-0.581
1775859191371,0.035,-0.817,-0.568
1775859191391,0.045,-0.811,-0.565
1775859191411,0.052,-0.799,-0.567
1775859191431,0.052,-0.804,-0.576
1775859191450,0.047,-0.808,-0.575
1775859191470,0.045,-0.827,-0.562
1775859191490,0.052,-0.834,-0.580
1775859191510,0.053,-0.819,-0.603
1775859191530,0.048,-0.822,-0.601
1775859191549,0.043,-0.831,-0.592
1775859191569,0.037,-0.824,-0.590
1775859191589,0.039,-0.829,-0.591
1775859191609,0.027,-0.834,-0.580
1775859191628,0.025,-0.854,-0.570
1775859191648,0.033,-0.871,-0.547
1775859191668,0.027,-0.873,-0.534
1775859191688,0.032,-0.862,-0.522
1775859191707,0.022,-0.874,-0.501
1775859191727,0.015,-0.889,-0.498
1775859191747,0.007,-0.878,-0.527
1775859191767,-0.002,-0.842,-0.551
1775859191787,0.005,-0.818,-0.550
1775859191806,0.006,-0.829,-0.555
1775859191826,0.003,-0.794,-0.568
1775859191846,0.012,-0.815,-0.572
1775859191866,0.006,-0.845,-0.542
1775859191885,0.001,-0.858,-0.528
1775859191905,0.001,-0.845,-0.528
1775859191925,-0.003,-0.844,-0.529
1775859191945,-0.010,-0.846,-0.516
1775859191964,-0.010,-0.873,-0.506
1775859191984,-0.019,-0.892,-0.490
1775859192004,-0.018,-0.889,-0.467
1775859192024,-0.021,-0.870,-0.457
1775859192044,-0.023,-0.889,-0.446
1775859192063,-0.022,-0.913,-0.426
1775859192083,-0.027,-0.917,-0.409
1775859192103,-0.022,-0.908,-0.411
1775859192123,-0.022,-0.902,-0.413
1775859192142,-0.015,-0.896,-0.413
1775859192162,-0.026,-0.901,-0.409
1775859192182,-0.028,-0.902,-0.390
1775859192202,-0.030,-0.902,-0.393
1775859192222,-0.023,-0.907,-0.398
1775859192241,-0.026,-0.915,-0.396
1775859192261,-0.022,-0.918,-0.384
1775859192281,-0.021,-0.913,-0.373
1775859192301,-0.021,-0.919,-0.372
1775859192320,-0.023,-0.919,-0.383
1775859192340,-0.022,-0.919,-0.381
1775859192360,-0.029,-0.918,-0.371
1775859192380,-0.034,-0.932,-0.371
1775859192400,-0.029,-0.919,-0.374
1775859192419,-0.028,-0.895,-0.386
1775859192439,-0.033,-0.918,-0.401
1775859192459,-0.036,-0.924,-0.390
1775859192479,-0.042,-0.932,-0.384
1775859192498,-0.040,-0.925,-0.386
1775859192518,-0.037,-0.925,-0.386
1775859192538,-0.038,-0.932,-0.375
1775859192558,-0.036,-0.930,-0.370
1775859192577,-0.035,-0.932,-0.374
1775859192597,-0.033,-0.923,-0.373
1775859192617,-0.035,-0.923,-0.386
1775859192637,-0.034,-0.924,-0.378
1775859192657,-0.032,-0.929,-0.373
1775859192676,-0.036,-0.928,-0.370
1775859192696,-0.033,-0.926,-0.370
1775859192716,-0.038,-0.933,-0.359
1775859192736,-0.039,-0.942,-0.352
1775859192755,-0.041,-0.935,-0.343
1775859192775,-0.040,-0.930,-0.337
1775859192795,-0.044,-0.937,-0.330
1775859192815,-0.042,-0.928,-0.333
1775859192834,-0.045,-0.929,-0.342
1775859192854,-0.043,-0.926,-0.351
1775859192874,-0.046,-0.915,-0.373
1775859192894,-0.047,-0.934,-0.391
1775859192914,-0.052,-0.935,-0.382
1775859192933,-0.050,-0.929,-0.382
1775859192953,-0.050,-0.923,-0.399
1775859192973,-0.042,-0.925,-0.411
1775859192993,-0.041,-0.931,-0.415
1775859193012,-0.040,-0.950,-0.398
1775859193032,-0.041,-0.919,-0.404
1775859193052,-0.029,-0.900,-0.417
1775859193072,-0.032,-0.916,-0.410
1775859193091,-0.034,-0.925,-0.400
1775859193111,-0.028,-0.928,-0.395
1775859193131,-0.029,-0.911,-0.387
1775859193151,-0.026,-0.916,-0.376
1775859193171,-0.028,-0.920,-0.363
1775859193190,-0.023,-0.926,-0.373
1775859193210,-0.019,-0.916,-0.384
1775859193230,-0.020,-0.910,-0.383
1775859193250,-0.022,-0.914,-0.393
1775859193269,-0.026,-0.921,-0.402
1775859193289,-0.023,-0.919,-0.404
1775859193309,-0.022,-0.923,-0.394
1775859193329,-0.023,-0.913,-0.392
1775859193348,-0.021,-0.912,-0.400
1775859193368,-0.024,-0.917,-0.403
1775859193388,-0.022,-0.926,-0.395
1775859193408,-0.025,-0.916,-0.391
1775859193428,-0.024,-0.910,-0.391
1775859193447,-0.024,-0.918,-0.390
1775859193467,-0.025,-0.919,-0.394
1775859193487,-0.025,-0.917,-0.397
1775859193507,-0.025,-0.917,-0.404
1775859193526,-0.027,-0.919,-0.400
1775859193546,-0.027,-0.923,-0.388
1775859193566,-0.027,-0.918,-0.383
1775859193586,-0.024,-0.917,-0.400
1775859193606,-0.025,-0.920,-0.405
1775859193625,-0.025,-0.923,-0.405
1775859193645,-0.025,-0.924,-0.414
1775859193665,-0.019,-0.936,-0.398
1775859193685,-0.016,-0.931,-0.385
1775859193704,-0.017,-0.895,-0.389
1775859193724,-0.020,-0.926,-0.394
1775859193744,-0.022,-0.937,-0.383
1775859193764,-0.025,-0.930,-0.383
1775859193783,-0.023,-0.914,-0.392
1775859193803,-0.018,-0.912,-0.391
1775859193823,-0.016,-0.925,-0.381
1775859193843,-0.016,-0.922,-0.377
1775859193863,-0.016,-0.924,-0.381
1775859193882,-0.015,-0.909,-0.386
1775859193902,-0.015,-0.912,-0.404
1775859193922,-0.014,-0.926,-0.403
1775859193942,-0.014,-0.923,-0.399
1775859193961,-0.014,-0.915,-0.401
1775859193981,-0.017,-0.906,-0.399
1775859194001,-0.018,-0.908,-0.401
1775859194021,-0.019,-0.918,-0.410
1775859194040,-0.019,-0.921,-0.405
1775859194060,-0.020,-0.912,-0.407
1775859194080,-0.018,-0.920,-0.405
1775859194100,-0.016,-0.923,-0.401
1775859194120,-0.017,-0.918,-0.395
1775859194139,-0.017,-0.922,-0.396
1775859194159,-0.013,-0.922,-0.397
1775859194179,-0.014,-0.916,-0.393
1775859194199,-0.015,-0.918,-0.397
1775859194218,-0.014,-0.917,-0.393
1775859194238,-0.018,-0.919,-0.394
1775859194258,-0.014,-0.916,-0.388
1775859194278,-0.018,-0.925,-0.377
1775859194298,-0.017,-0.923,-0.377
1775859194317,-0.017,-0.931,-0.382
1775859194337,-0.015,-0.930,-0.378
1775859194357,-0.021,-0.894,-0.389
1775859194377,-0.022,-0.921,-0.400
1775859194396,-0.028,-0.929,-0.390
1775859194416,-0.031,-0.930,-0.379
1775859194436,-0.030,-0.920,-0.380
1775859194456,-0.027,-0.917,-0.378
1775859194475,-0.028,-0.930,-0.377
1775859194495,-0.025,-0.926,-0.380
1775859194515,-0.025,-0.931,-0.377
1775859194535,-0.028,-0.917,-0.383
1775859194555,-0.023,-0.916,-0.389
1775859194574,-0.035,-0.927,-0.390
1775859194594,-0.034,-0.923,-0.388
1775859194614,-0.033,-0.925,-0.392
1775859194634,-0.031,-0.918,-0.390
1775859194653,-0.030,-0.924,-0.387
1775859194673,-0.035,-0.923,-0.384
1775859194693,-0.032,-0.922,-0.388
1775859194713,-0.035,-0.919,-0.388
1775859194732,-0.034,-0.926,-0.390
1775859194752,-0.034,-0.924,-0.383
1775859194772,-0.033,-0.917,-0.383
1775859194792,-0.033,-0.922,-0.387
1775859194812,-0.032,-0.922,-0.385
1775859194831,-0.032,-0.923,-0.389
1775859194851,-0.031,-0.922,-0.391
1775859194871,-0.031,-0.920,-0.388
1775859194891,-0.029,-0.919,-0.385
1775859194910,-0.032,-0.927,-0.385
1775859194930,-0.031,-0.918,-0.384
1775859194950,-0.033,-0.927,-0.381
1775859194970,-0.030,-0.941,-0.374
1775859194989,-0.026,-0.906,-0.377
1775859195009,-0.027,-0.904,-0.396
1775859195029,-0.033,-0.934,-0.400
1775859195049,-0.033,-0.937,-0.384
1775859195068,-0.029,-0.929,-0.383
1775859195088,-0.025,-0.911,-0.377
1775859195108,-0.029,-0.922,-0.367
1775859195128,-0.027,-0.923,-0.381
1775859195148,-0.033,-0.929,-0.388
1775859195167,-0.030,-0.926,-0.389
1775859195187,-0.028,-0.913,-0.388
1775859195207,-0.031,-0.923,-0.387
1775859195227,-0.032,-0.931,-0.379
1775859195246,-0.038,-0.928,-0.383
1775859195266,-0.032,-0.923,-0.382
1775859195286,-0.029,-0.918,-0.387
1775859195306,-0.030,-0.929,-0.387
1775859195325,-0.030,-0.924,-0.383
1775859195345,-0.027,-0.923,-0.382
1775859195365,-0.029,-0.919,-0.381
1775859195385,-0.027,-0.924,-0.382
1775859195405,-0.022,-0.918,-0.381
1775859195424,-0.026,-0.922,-0.388
1775859195444,-0.029,-0.920,-0.389
1775859195464,-0.031,-0.930,-0.386
1775859195484,-0.027,-0.921,-0.384
1775859195503,-0.026,-0.924,-0.389
1775859195523,-0.024,-0.918,-0.388
1775859195543,-0.029,-0.925,-0.383
1775859195563,-0.030,-0.926,-0.376
1775859195582,-0.030,-0.924,-0.380
1775859195602,-0.029,-0.932,-0.376
1775859195622,-0.028,-0.944,-0.372
1775859195642,-0.025,-0.910,-0.375
1775859195661,-0.029,-0.907,-0.391
1775859195681,-0.037,-0.935,-0.387
1775859195701,-0.036,-0.934,-0.379
1775859195721,-0.030,-0.928,-0.390
1775859195741,-0.027,-0.916,-0.382
1775859195760,-0.027,-0.927,-0.372
1775859195780,-0.027,-0.926,-0.379
1775859195800,-0.031,-0.928,-0.384
1775859195820,-0.028,-0.930,-0.386
1775859195839,-0.026,-0.920,-0.385
1775859195859,-0.027,-0.923,-0.388
1775859195879,-0.027,-0.925,-0.385
1775859195899,-0.021,-0.928,-0.381
1775859195919,-0.024,-0.925,-0.377
1775859195938,-0.029,-0.921,-0.375
1775859195958,-0.026,-0.927,-0.374
1775859195978,-0.025,-0.929,-0.372
1775859195998,-0.030,-0.927,-0.370
1775859196017,-0.025,-0.928,-0.374
1775859196037,-0.027,-0.924,-0.373
1775859196057,-0.026,-0.929,-0.370
1775859196077,-0.030,-0.925,-0.370
1775859196096,-0.026,-0.929,-0.378
1775859196116,-0.028,-0.929,-0.378
1775859196136,-0.025,-0.930,-0.377
1775859196156,-0.026,-0.923,-0.371
1775859196175,-0.027,-0.924,-0.374
1775859196195,-0.022,-0.923,-0.373
1775859196215,-0.028,-0.926,-0.374
1775859196235,-0.030,-0.927,-0.372
1775859196255,-0.027,-0.923,-0.375
1775859196274,-0.036,-0.926,-0.371
1775859196294,-0.035,-0.944,-0.366
1775859196314,-0.041,-0.913,-0.369
1775859196334,-0.037,-0.920,-0.386
1775859196353,-0.045,-0.943,-0.380
1775859196373,-0.042,-0.937,-0.375
1775859196393,-0.041,-0.927,-0.384
1775859196413,-0.031,-0.922,-0.384
1775859196432,-0.032,-0.929,-0.383
1775859196452,-0.022,-0.921,-0.390
1775859196472,-0.020,-0.926,-0.384
1775859196492,-0.023,-0.920,-0.383
1775859196512,-0.023,-0.914,-0.391
1775859196531,-0.023,-0.919,-0.395
1775859196551,-0.022,-0.926,-0.388
1775859196571,-0.025,-0.925,-0.384
1775859196591,-0.028,-0.920,-0.380
1775859196610,-0.029,-0.929,-0.374
1775859196630,-0.027,-0.930,-0.368
1775859196650,-0.027,-0.921,-0.372
1775859196670,-0.028,-0.928,-0.380
1775859196689,-0.031,-0.923,-0.375
1775859196709,-0.031,-0.923,-0.369
1775859196729,-0.030,-0.927,-0.374
1775859196749,-0.024,-0.927,-0.382
1775859196769,-0.027,-0.930,-0.376
1775859196788,-0.029,-0.925,-0.374
1775859196808,-0.028,-0.923,-0.377
1775859196828,-0.026,-0.930,-0.379
1775859196848,-0.033,-0.926,-0.373
1775859196867,-0.028,-0.921,-0.374
1775859196887,-0.032,-0.924,-0.380
1775859196907,-0.033,-0.928,-0.378
1775859196927,-0.029,-0.922,-0.384
1775859196946,-0.030,-0.931,-0.378
1775859196966,-0.027,-0.933,-0.373
1775859196986,-0.031,-0.901,-0.381
1775859197006,-0.030,-0.927,-0.391
1775859197025,-0.038,-0.939,-0.390
1775859197045,-0.033,-0.929,-0.387
1775859197065,-0.031,-0.918,-0.391
1775859197085,-0.031,-0.915,-0.385
1775859197105,-0.033,-0.929,-0.378
1775859197124,-0.032,-0.921,-0.377
1775859197144,-0.034,-0.926,-0.385
1775859197164,-0.028,-0.923,-0.385
1775859197184,-0.030,-0.917,-0.392
1775859197203,-0.030,-0.922,-0.397
1775859197223,-0.032,-0.927,-0.391
1775859197243,-0.032,-0.924,-0.387
1775859197263,-0.036,-0.922,-0.380
1775859197282,-0.034,-0.921,-0.377
1775859197302,-0.032,-0.926,-0.377
1775859197322,-0.035,-0.928,-0.377
1775859197342,-0.030,-0.917,-0.387
1775859197361,-0.035,-0.920,-0.390
1775859197381,-0.036,-0.923,-0.388
1775859197401,-0.033,-0.921,-0.386
1775859197421,-0.033,-0.925,-0.390
1775859197440,-0.032,-0.925,-0.387
1775859197460,-0.029,-0.931,-0.383
1775859197480,-0.025,-0.919,-0.385
1775859197500,-0.026,-0.919,-0.391
1775859197520,-0.028,-0.914,-0.390
1775859197539,-0.027,-0.925,-0.390
1775859197559,-0.027,-0.928,-0.387
1775859197579,-0.032,-0.919,-0.381
1775859197599,-0.028,-0.924,-0.377
1775859197618,-0.035,-0.937,-0.369
1775859197638,-0.027,-0.908,-0.377
1775859197658,-0.030,-0.914,-0.389
1775859197678,-0.035,-0.939,-0.387
1775859197697,-0.031,-0.931,-0.380
1775859197717,-0.033,-0.920,-0.386
1775859197737,-0.030,-0.917,-0.373
1775859197757,-0.028,-0.922,-0.371
1775859197776,-0.028,-0.923,-0.380
1775859197796,-0.033,-0.932,-0.384
1775859197816,-0.032,-0.926,-0.378
1775859197836,-0.031,-0.914,-0.385
1775859197856,-0.030,-0.922,-0.389
1775859197875,-0.031,-0.926,-0.380
1775859197895,-0.036,-0.920,-0.379
1775859197915,-0.033,-0.921,-0.384
1775859197935,-0.038,-0.923,-0.379
1775859197954,-0.038,-0.932,-0.381
1775859197974,-0.037,-0.928,-0.382
1775859197994,-0.033,-0.921,-0.386
1775859198014,-0.038,-0.920,-0.387
1775859198033,-0.034,-0.926,-0.387
1775859198053,-0.039,-0.919,-0.387
1775859198073,-0.036,-0.926,-0.386
1775859198093,-0.041,-0.921,-0.390
1775859198112,-0.030,-0.917,-0.385
1775859198132,-0.034,-0.920,-0.393
1775859198152,-0.033,-0.921,-0.393
1775859198172,-0.036,-0.923,-0.392
1775859198191,-0.037,-0.918,-0.392
1775859198211,-0.035,-0.923,-0.394
1775859198231,-0.037,-0.933,-0.387
1775859198251,-0.031,-0.917,-0.389
1775859198271,-0.034,-0.904,-0.399
1775859198290,-0.038,-0.932,-0.406
1775859198310,-0.038,-0.928,-0.389
1775859198330,-0.037,-0.918,-0.392
1775859198350,-0.032,-0.904,-0.396
1775859198369,-0.036,-0.912,-0.397
1775859198389,-0.034,-0.913,-0.396
1775859198409,-0.039,-0.920,-0.409
1775859198429,-0.035,-0.927,-0.407
1775859198448,-0.038,-0.912,-0.401
1775859198468,-0.036,-0.921,-0.404
1775859198488,-0.037,-0.921,-0.398
1775859198508,-0.034,-0.924,-0.395
1775859198527,-0.035,-0.918,-0.398
1775859198547,-0.037,-0.915,-0.400
1775859198567,-0.037,-0.916,-0.390
1775859198587,-0.036,-0.917,-0.392
1775859198607,-0.033,-0.914,-0.388
1775859198626,-0.031,-0.916,-0.387
1775859198646,-0.032,-0.913,-0.395
1775859198666,-0.029,-0.919,-0.396
1775859198686,-0.033,-0.916,-0.390
1775859198705,-0.031,-0.914,-0.397
1775859198725,-0.034,-0.921,-0.403
1775859198745,-0.031,-0.916,-0.398
1775859198765,-0.035,-0.918,-0.396
1775859198784,-0.033,-0.912,-0.405
1775859198804,-0.036,-0.912,-0.410
1775859198824,-0.036,-0.926,-0.400
1775859198844,-0.038,-0.931,-0.390
1775859198863,-0.034,-0.893,-0.403
1775859198883,-0.039,-0.907,-0.416
1775859198903,-0.045,-0.930,-0.404
1775859198923,-0.042,-0.921,-0.405
1775859198942,-0.037,-0.914,-0.412
1775859198962,-0.040,-0.908,-0.403
1775859198982,-0.038,-0.917,-0.397
1775859199002,-0.040,-0.910,-0.407
1775859199022,-0.037,-0.916,-0.411
1775859199041,-0.037,-0.912,-0.412
1775859199061,-0.035,-0.905,-0.413
1775859199081,-0.038,-0.916,-0.422
1775859199101,-0.042,-0.924,-0.409
1775859199120,-0.038,-0.913,-0.403
1775859199140,-0.039,-0.911,-0.408
1775859199160,-0.039,-0.912,-0.403
1775859199180,-0.037,-0.916,-0.395
1775859199199,-0.041,-0.910,-0.397
1775859199219,-0.039,-0.909,-0.404
1775859199239,-0.044,-0.913,-0.402
1775859199259,-0.040,-0.914,-0.398
1775859199278,-0.041,-0.912,-0.399
1775859199298,-0.041,-0.918,-0.397
1775859199318,-0.042,-0.913,-0.393
1775859199338,-0.041,-0.907,-0.403
1775859199357,-0.040,-0.917,-0.409
1775859199377,-0.043,-0.911,-0.404
1775859199397,-0.044,-0.903,-0.413
1775859199417,-0.041,-0.920,-0.415
1775859199437,-0.035,-0.923,-0.413
1775859199456,-0.038,-0.885,-0.423
1775859199476,-0.040,-0.905,-0.439
1775859199496,-0.043,-0.920,-0.434
1775859199516,-0.045,-0.908,-0.421
1775859199535,-0.042,-0.895,-0.427
1775859199555,-0.041,-0.897,-0.423
1775859199575,-0.042,-0.904,-0.415
1775859199595,-0.040,-0.906,-0.413
1775859199614,-0.041,-0.913,-0.412
1775859199634,-0.041,-0.909,-0.409
1775859199654,-0.043,-0.913,-0.409
1775859199674,-0.042,-0.900,-0.409
1775859199693,-0.047,-0.906,-0.414
1775859199713,-0.051,-0.903,-0.409
1775859199733,-0.049,-0.897,-0.410
1775859199753,-0.055,-0.902,-0.414
1775859199773,-0.058,-0.905,-0.421
1775859199792,-0.060,-0.906,-0.425
1775859199812,-0.064,-0.898,-0.428
1775859199832,-0.066,-0.897,-0.431
1775859199852,-0.064,-0.900,-0.429
1775859199871,-0.062,-0.895,-0.431
1775859199891,-0.062,-0.890,-0.433
1775859199911,-0.062,-0.876,-0.440
1775859199931,-0.067,-0.872,-0.450
1775859199950,-0.066,-0.876,-0.470
1775859199970,-0.065,-0.874,-0.492
1775859199990,-0.066,-0.860,-0.497
1775859200010,-0.065,-0.872,-0.502
1775859200029,-0.061,-0.842,-0.516
1775859200049,-0.060,-0.826,-0.539
1775859200069,-0.066,-0.845,-0.554
1775859200089,-0.071,-0.834,-0.549
1775859200109,-0.076,-0.826,-0.553
1775859200128,-0.078,-0.826,-0.560
1775859200148,-0.079,-0.821,-0.553
1775859200168,-0.089,-0.825,-0.553
1775859200188,-0.101,-0.830,-0.553
1775859200207,-0.108,-0.832,-0.544
1775859200227,-0.115,-0.810,-0.528
1775859200247,-0.124,-0.815,-0.526
1775859200267,-0.132,-0.806,-0.516
1775859200286,-0.133,-0.792,-0.500
1775859200306,-0.136,-0.774,-0.514
1775859200326,-0.144,-0.790,-0.549
1775859200346,-0.140,-0.782,-0.563
1775859200365,-0.134,-0.768,-0.565
1775859200385,-0.128,-0.774,-0.573
1775859200405,-0.115,-0.767,-0.596
1775859200425,-0.097,-0.745,-0.607
1775859200445,-0.080,-0.742,-0.598
1775859200464,-0.056,-0.737,-0.581
1775859200484,-0.046,-0.740,-0.564
1775859200504,-0.022,-0.735,-0.548
1775859200524,0.003,-0.758,-0.549
1775859200543,0.035,-0.757,-0.562
1775859200563,0.058,-0.787,-0.546
1775859200583,0.089,-0.848,-0.500
1775859200603,0.115,-0.829,-0.485
1775859200622,0.132,-0.830,-0.515
1775859200642,0.161,-0.744,-0.532
1775859200662,0.173,-0.778,-0.541
1775859200682,0.200,-0.704,-0.537
1775859200701,0.212,-0.694,-0.582
1775859200721,0.209,-0.687,-0.598
1775859200741,0.197,-0.676,-0.577
1775859200761,0.196,-0.635,-0.575
1775859200781,0.182,-0.597,-0.604
1775859200800,0.145,-0.514,-0.591
1775859200820,0.120,-0.483,-0.574
1775859200840,0.058,-0.563,-0.577
1775859200860,0.051,-0.658,-0.561
1775859200879,0.056,-0.570,-0.560
1775859200899,0.017,-0.678,-0.615
1775859200919,0.045,-0.581,-0.634
1775859200939,0.006,-0.450,-0.657
1775859200958,-0.011,-0.496,-0.645
1775859200978,-0.009,-0.483,-0.640
1775859200998,-0.008,-0.556,-0.707
1775859201018,0.018,-0.543,-0.780
1775859201038,0.011,-0.449,-0.796
1775859201057,-0.004,-0.444,-0.789
1775859201077,0.024,-0.515,-0.843
1775859201097,0.021,-0.590,-0.864
1775859201117,0.013,-0.570,-0.852
1775859201136,0.000,-0.592,-0.892
1775859201156,-0.001,-0.591,-0.905
1775859201176,0.026,-0.602,-0.856
1775859201196,0.011,-0.585,-0.795
1775859201215,0.005,-0.610,-0.783
1775859201235,0.012,-0.575,-0.804
1775859201255,-0.013,-0.555,-0.833
1775859201275,-0.011,-0.534,-0.873
1775859201294,-0.023,-0.523,-0.873
1775859201314,-0.033,-0.507,-0.838
1775859201334,-0.067,-0.533,-0.799
1775859201354,-0.059,-0.501,-0.813
1775859201374,-0.068,-0.490,-0.833
1775859201393,-0.079,-0.518,-0.831
1775859201413,-0.078,-0.550,-0.826
1775859201433,-0.056,-0.552,-0.860
1775859201453,-0.038,-0.538,-0.885
1775859201472,-0.026,-0.468,-0.863
1775859201492,-0.020,-0.439,-0.866
1775859201512,-0.017,-0.514,-0.922
1775859201532,-0.013,-0.499,-0.951
1775859201551,-0.005,-0.461,-0.940
1775859201571,-0.008,-0.487,-0.905
1775859201591,0.018,-0.502,-0.936
1775859201611,0.011,-0.467,-0.952
1775859201630,0.029,-0.482,-0.918
1775859201650,0.052,-0.442,-0.964
1775859201670,0.048,-0.511,-1.008
1775859201690,0.058,-0.563,-0.940
1775859201710,0.068,-0.474,-0.993
1775859201729,0.069,-0.460,-1.037
1775859201749,0.043,-0.563,-0.895
1775859201769,0.063,-0.533,-0.840
1775859201789,0.081,-0.514,-0.926
1775859201808,0.103,-0.525,-0.946
1775859201828,0.128,-0.586,-0.868
1775859201848,0.147,-0.501,-0.922
1775859201868,0.163,-0.459,-1.044
1775859201887,0.128,-0.554,-0.984
1775859201907,0.121,-0.622,-0.874
1775859201927,0.129,-0.591,-0.945
1775859201947,0.147,-0.622,-1.041
1775859201966,0.153,-0.494,-1.034
1775859201986,0.131,-0.466,-1.014
1775859202006,0.135,-0.610,-1.064
1775859202026,0.117,-0.515,-1.066
1775859202046,0.117,-0.492,-1.050
1775859202065,0.115,-0.465,-1.066
1775859202085,0.136,-0.381,-1.073
1775859202105,0.147,-0.415,-0.973
1775859202125,0.164,-0.454,-0.904
1775859202144,0.163,-0.357,-0.964
1775859202164,0.163,-0.256,-1.000
1775859202184,0.134,-0.291,-1.028
1775859202204,0.105,-0.367,-1.016
1775859202223,0.124,-0.344,-0.961
1775859202243,0.155,-0.414,-0.968
1775859202263,0.194,-0.399,-1.167
1775859202283,0.198,-0.399,-1.261
1775859202302,0.180,-0.363,-1.007
1775859202322,0.170,-0.321,-0.904
1775859202342,0.194,-0.338,-1.060
1775859202362,0.158,-0.421,-1.009
1775859202382,0.155,-0.457,-0.900
1775859202401,0.109,-0.426,-0.877
1775859202421,0.117,-0.428,-0.869
1775859202441,0.093,-0.614,-0.754
1775859202461,0.091,-0.723,-0.711
1775859202480,0.095,-0.644,-0.846
1775859202500,0.096,-0.508,-0.966
1775859202520,0.069,-0.487,-1.010
1775859202540,0.065,-0.563,-1.020
1775859202559,0.060,-0.439,-0.981
1775859202579,0.064,-0.333,-0.967
1775859202599,0.105,-0.459,-0.892
1775859202619,0.142,-0.447,-1.023
1775859202638,0.207,-0.307,-1.120
1775859202658,0.185,-0.203,-0.971
1775859202678,0.162,-0.340,-0.964
1775859202698,0.164,-0.407,-1.073
1775859202717,0.189,-0.206,-1.010
1775859202737,0.109,-0.209,-0.918
1775859202757,0.104,-0.224,-0.870
1775859202777,0.109,-0.257,-0.824
1775859202797,0.078,-0.179,-0.822
1775859202816,0.088,-0.118,-0.871
1775859202836,0.080,-0.294,-0.944
1775859202856,0.099,-0.465,-0.945
1775859202876,0.091,-0.378,-0.934
1775859202895,0.091,-0.298,-0.908
1775859202915,0.085,-0.529,-0.985
1775859202935,0.087,-0.555,-0.958
1775859202955,0.078,-0.505,-0.882
1775859202974,0.040,-0.467,-0.883
1775859202994,0.034,-0.491,-0.918
1775859203014,0.010,-0.483,-0.811
1775859203034,-0.018,-0.342,-0.757
1775859203053,-0.028,-0.352,-0.703
1775859203073,0.003,-0.504,-0.507
1775859203093,-0.003,-0.619,-0.319
1775859203113,0.004,-0.396,-0.374
1775859203133,0.055,-0.115,-0.587
1775859203152,0.057,-0.208,-0.576
1775859203172,0.086,-0.375,-0.519
1775859203192,0.060,-0.331,-0.537
1775859203212,0.048,-0.392,-0.612
1775859203231,0.138,-0.453,-0.822
1775859203251,0.139,-0.439,-0.906
1775859203271,0.123,-0.577,-0.671
1775859203291,0.080,-0.432,-0.734
1775859203310,0.062,-0.478,-0.982
1775859203330,0.059,-0.649,-0.954
1775859203350,0.014,-0.335,-0.772
1775859203370,-0.014,-0.245,-0.795
1775859203389,0.011,-0.529,-0.935
1775859203409,0.012,-0.622,-0.915
1775859203429,-0.045,-0.439,-1.000
1775859203449,-0.014,-0.375,-1.135
1775859203468,-0.017,-0.572,-0.995
1775859203488,-0.006,-0.740,-0.943
1775859203508,0.072,-0.434,-1.057
1775859203528,0.029,-0.302,-1.044
1775859203548,-0.031,-0.558,-1.068
1775859203567,-0.017,-0.717,-1.116
1775859203587,0.033,-0.659,-0.995
1775859203607,0.040,-0.561,-0.876
1775859203627,0.038,-0.392,-1.104
1775859203646,0.044,-0.471,-1.152
1775859203666,0.048,-0.684,-0.976
1775859203686,0.139,-0.630,-0.995
1775859203706,0.106,-0.422,-0.976
1775859203725,0.074,-0.299,-0.958
1775859203745,-0.001,-0.421,-1.033
1775859203765,-0.009,-0.533,-1.030
1775859203785,-0.044,-0.516,-0.873
1775859203804,-0.038,-0.543,-0.963
1775859203824,-0.018,-0.502,-1.083
1775859203844,-0.019,-0.496,-0.980
1775859203864,-0.014,-0.485,-0.939
1775859203883,-0.011,-0.423,-1.028
1775859203903,0.010,-0.470,-1.014
1775859203923,0.014,-0.556,-0.952
1775859203943,0.009,-0.493,-0.927
1775859203962,0.022,-0.412,-0.987
1775859203982,-0.002,-0.507,-0.966
1775859204002,0.009,-0.582,-1.090
1775859204022,0.009,-0.636,-1.178
1775859204041,-0.041,-0.579,-1.095
1775859204061,0.001,-0.579,-1.264
1775859204081,0.006,-0.696,-1.358
1775859204101,-0.002,-0.671,-1.170
1775859204120,0.000,-0.615,-1.114
1775859204140,0.029,-0.588,-1.285
1775859204160,0.017,-0.612,-1.249
1775859204180,0.018,-0.656,-1.166
1775859204199,0.062,-0.580,-1.211
1775859204219,0.070,-0.552,-1.258
1775859204239,0.059,-0.610,-1.226
1775859204259,0.012,-0.605,-1.134
1775859204279,0.019,-0.589,-1.127
1775859204298,0.008,-0.587,-1.085
1775859204318,-0.019,-0.597,-0.993
1775859204338,-0.026,-0.539,-0.987
1775859204358,0.017,-0.532,-1.086
1775859204377,0.069,-0.529,-1.054
1775859204397,0.048,-0.437,-0.875
1775859204417,0.040,-0.444,-0.665
1775859204437,0.039,-0.398,-0.547
1775859204456,0.094,-0.292,-0.507
1775859204476,0.030,-0.262,-0.382
1775859204496,-0.002,-0.302,-0.287
1775859204516,0.033,-0.176,-0.390
1775859204535,0.074,-0.161,-0.413
1775859204555,-0.001,-0.228,-0.266
1775859204575,-0.020,-0.261,-0.242
1775859204595,-0.013,-0.321,-0.422
1775859204614,-0.019,-0.368,-0.503
1775859204634,-0.012,-0.417,-0.505
1775859204654,0.040,-0.571,-0.670
1775859204674,-0.005,-0.602,-0.739
1775859204693,-0.017,-0.386,-0.812
1775859204713,0.049,-0.494,-0.992
1775859204733,-0.001,-0.647,-0.919
1775859204753,-0.015,-0.429,-0.846
1775859204772,0.001,-0.396,-0.964
1775859204792,-0.035,-0.521,-0.884
1775859204812,-0.061,-0.453,-0.737
1775859204832,-0.060,-0.368,-0.700
1775859204851,-0.063,-0.381,-0.572
1775859204871,-0.055,-0.394,-0.341
1775859204891,-0.003,-0.242,-0.208
1775859204911,0.001,-0.077,-0.273
1775859204931,-0.003,-0.229,-0.357
1775859204950,0.048,-0.477,-0.357
1775859204970,0.061,-0.422,-0.382
1775859204990,0.023,-0.249,-0.608
1775859205010,0.084,-0.410,-0.836
1775859205029,0.098,-0.673,-0.849
1775859205049,0.029,-0.508,-0.814
1775859205069,0.032,-0.366,-1.009
1775859205089,0.034,-0.496,-1.177
1775859205108,0.010,-0.569,-1.010
1775859205128,-0.036,-0.550,-0.857
1775859205148,-0.051,-0.416,-1.012
1775859205168,-0.022,-0.521,-1.141
1775859205187,0.003,-0.667,-1.099
1775859205207,0.011,-0.501,-1.004
1775859205227,0.048,-0.551,-1.027
1775859205247,0.098,-0.537,-1.182
1775859205266,0.109,-0.357,-1.174
1775859205286,0.046,-0.271,-1.062
1775859205306,0.022,-0.437,-0.906
1775859205326,0.065,-0.596,-0.891
1775859205346,0.087,-0.463,-0.981
1775859205365,0.034,-0.248,-1.083
1775859205385,0.030,-0.257,-1.128
1775859205405,0.022,-0.545,-1.089
1775859205425,0.020,-0.557,-0.925
1775859205444,0.022,-0.359,-0.931
1775859205464,0.046,-0.238,-1.161
1775859205484,0.050,-0.317,-1.133
1775859205504,0.022,-0.454,-0.886
1775859205523,0.062,-0.414,-0.890
1775859205543,0.079,-0.379,-1.011
1775859205563,0.072,-0.358,-1.063
1775859205583,0.064,-0.370,-1.095
1775859205602,0.068,-0.456,-1.205
1775859205622,0.089,-0.479,-1.240
1775859205642,0.024,-0.518,-1.078
1775859205662,0.064,-0.376,-1.137
1775859205681,0.092,-0.353,-1.214
1775859205701,0.044,-0.428,-1.030
1775859205721,0.061,-0.413,-1.011
1775859205741,0.101,-0.371,-1.171
1775859205761,0.065,-0.391,-1.153
1775859205780,0.045,-0.401,-1.184
1775859205800,0.095,-0.454,-1.318
1775859205820,0.051,-0.444,-1.248
1775859205840,0.022,-0.487,-1.252
1775859205859,0.072,-0.489,-1.353
1775859205879,0.112,-0.488,-1.319
1775859205899,0.074,-0.504,-1.209
1775859205919,0.071,-0.438,-1.220
1775859205938,0.079,-0.401,-1.264
1775859205958,0.103,-0.477,-1.251
1775859205978,0.088,-0.457,-1.169
1775859205998,0.059,-0.416,-1.142
1775859206017,0.056,-0.476,-1.134
1775859206037,0.077,-0.475,-1.120
1775859206057,0.080,-0.459,-1.122
1775859206077,0.053,-0.420,-1.036
1775859206096,0.004,-0.430,-0.933
1775859206116,-0.007,-0.456,-0.895
1775859206136,0.019,-0.416,-0.807
1775859206156,0.033,-0.320,-0.695
1775859206175,0.034,-0.265,-0.606
1775859206195,0.041,-0.262,-0.573
1775859206215,0.034,-0.266,-0.532
1775859206235,0.040,-0.284,-0.433
1775859206255,0.000,-0.425,-0.288
1775859206274,-0.009,-0.376,-0.220
1775859206294,0.079,-0.189,-0.345
1775859206314,0.077,-0.295,-0.544
1775859206334,0.006,-0.391,-0.610
1775859206353,0.030,-0.226,-0.573
1775859206373,0.019,-0.343,-0.576
1775859206393,0.030,-0.563,-0.734
1775859206413,0.051,-0.451,-0.842
1775859206432,0.048,-0.363,-0.799
1775859206452,0.023,-0.455,-0.838
1775859206472,0.041,-0.417,-0.914
1775859206492,0.008,-0.338,-0.849
1775859206511,0.006,-0.479,-0.866
1775859206531,-0.018,-0.512,-0.843
1775859206551,-0.045,-0.347,-0.791
1775859206571,-0.028,-0.283,-0.824
1775859206590,-0.014,-0.485,-0.757
1775859206610,-0.067,-0.451,-0.601
1775859206630,-0.070,-0.126,-0.599
1775859206650,-0.013,-0.135,-0.608
1775859206670,0.007,-0.522,-0.416
1775859206689,-0.020,-0.438,-0.328
1775859206709,0.079,-0.267,-0.671
1775859206729,0.097,-0.274,-1.010
1775859206749,0.051,-0.394,-0.872
1775859206768,0.028,-0.499,-0.619
1775859206788,0.070,-0.442,-0.738
1775859206808,0.102,-0.356,-0.888
1775859206828,0.065,-0.429,-0.804
1775859206847,0.038,-0.374,-0.754
1775859206867,0.007,-0.338,-0.887
1775859206887,0.013,-0.483,-1.008
1775859206907,0.012,-0.483,-0.869
1775859206926,-0.003,-0.376,-0.613
1775859206946,-0.011,-0.378,-0.582
1775859206966,-0.004,-0.364,-0.920
1775859206986,0.046,-0.426,-1.138
1775859207005,0.077,-0.516,-1.130
1775859207025,0.041,-0.509,-1.003
1775859207045,0.070,-0.431,-0.815
1775859207065,0.057,-0.428,-0.812
1775859207085,0.110,-0.432,-1.191
1775859207104,0.096,-0.359,-1.272
1775859207124,0.071,-0.452,-1.001
1775859207144,0.064,-0.486,-1.105
1775859207164,0.038,-0.402,-1.336
1775859207183,0.036,-0.494,-1.231
1775859207203,0.108,-0.512,-1.121
1775859207223,0.104,-0.407,-1.251
1775859207243,0.096,-0.301,-1.251
1775859207262,0.073,-0.370,-1.125
1775859207282,0.066,-0.495,-1.142
1775859207302,0.044,-0.412,-1.137
1775859207322,0.027,-0.372,-1.044
1775859207341,0.055,-0.385,-1.132
1775859207361,0.097,-0.366,-1.269
1775859207381,0.077,-0.429,-1.068
1775859207401,0.065,-0.390,-0.948
1775859207421,0.068,-0.292,-1.029
1775859207440,0.078,-0.358,-0.982
1775859207460,0.036,-0.364,-0.863
1775859207480,0.027,-0.281,-0.877
1775859207500,0.039,-0.289,-0.988
1775859207519,0.073,-0.432,-1.059
1775859207539,0.043,-0.483,-1.064
1775859207559,0.036,-0.424,-1.169
1775859207579,0.060,-0.406,-1.323
1775859207598,0.045,-0.521,-1.390
1775859207618,0.027,-0.585,-1.324
1775859207638,0.028,-0.500,-1.342
1775859207658,0.075,-0.480,-1.385
1775859207677,0.076,-0.550,-1.376
1775859207697,0.079,-0.493,-1.311
1775859207717,0.084,-0.460,-1.253
1775859207737,0.106,-0.437,-1.212
1775859207757,0.110,-0.466,-1.191
1775859207776,0.101,-0.477,-1.177
1775859207796,0.093,-0.463,-1.113
1775859207816,0.089,-0.443,-1.074
1775859207836,0.078,-0.464,-1.056
1775859207855,0.087,-0.430,-0.970
1775859207875,0.092,-0.421,-0.844
1775859207895,0.062,-0.397,-0.763
1775859207915,0.079,-0.268,-0.716
1775859207934,0.102,-0.266,-0.642
1775859207954,0.059,-0.287,-0.544
1775859207974,0.052,-0.211,-0.548
1775859207994,0.082,-0.288,-0.514
1775859208014,0.030,-0.308,-0.377
1775859208033,0.049,-0.182,-0.350
1775859208053,0.089,-0.184,-0.506
1775859208073,0.040,-0.310,-0.481
1775859208093,-0.013,-0.224,-0.427
1775859208112,0.004,-0.259,-0.573
1775859208132,0.007,-0.374,-0.694
1775859208152,0.030,-0.412,-0.680
1775859208172,0.045,-0.355,-0.766
1775859208191,0.055,-0.357,-0.933
1775859208211,0.046,-0.381,-0.953
1775859208231,0.067,-0.459,-0.955
1775859208251,0.034,-0.398,-0.917
1775859208270,0.040,-0.270,-0.879
1775859208290,0.028,-0.365,-0.887
1775859208310,-0.012,-0.377,-0.821
1775859208330,-0.017,-0.353,-0.808
1775859208350,-0.018,-0.411,-0.816
1775859208369,-0.058,-0.396,-0.700
1775859208389,-0.103,-0.270,-0.525
1775859208409,-0.078,-0.222,-0.407
1775859208429,-0.031,-0.404,-0.248
1775859208448,-0.060,-0.297,-0.078
1775859208468,0.059,-0.202,-0.129
1775859208488,0.092,-0.329,-0.307
1775859208508,0.097,-0.221,-0.553
1775859208527,0.155,-0.223,-0.821
1775859208547,0.126,-0.474,-0.833
1775859208567,0.068,-0.549,-0.836
1775859208587,0.074,-0.378,-1.131
1775859208607,0.081,-0.411,-1.263
1775859208626,0.038,-0.498,-1.019
1775859208646,0.025,-0.502,-1.052
1775859208666,0.020,-0.433,-1.222
1775859208686,-0.002,-0.451,-0.968
1775859208705,0.021,-0.520,-0.930
1775859208725,0.044,-0.475,-1.107
1775859208745,0.058,-0.389,-1.092
1775859208765,0.093,-0.445,-1.083
1775859208784,0.083,-0.358,-1.075
1775859208804,0.049,-0.318,-1.147
1775859208824,0.068,-0.460,-1.146
1775859208844,0.073,-0.459,-1.073
1775859208864,0.062,-0.310,-1.126
1775859208883,-0.023,-0.282,-1.086
1775859208903,0.014,-0.431,-1.124
1775859208923,0.041,-0.510,-1.246
1775859208943,0.017,-0.368,-1.231
1775859208962,0.017,-0.266,-1.126
1775859208982,0.028,-0.363,-1.188
1775859209002,0.047,-0.434,-1.146
1775859209022,0.061,-0.349,-1.037
1775859209041,0.062,-0.222,-1.104
1775859209061,0.014,-0.292,-1.084
1775859209081,-0.003,-0.349,-0.991
1775859209101,0.013,-0.333,-1.032
1775859209120,-0.002,-0.299,-1.096
1775859209140,-0.026,-0.376,-1.095
1775859209160,0.035,-0.406,-1.207
1775859209180,0.061,-0.376,-1.143
1775859209200,0.029,-0.386,-0.890
1775859209219,0.059,-0.323,-0.867
1775859209239,0.077,-0.279,-1.069
1775859209259,0.029,-0.276,-1.030
1775859209279,0.004,-0.301,-0.958
1775859209298,0.046,-0.343,-1.161
1775859209318,0.036,-0.395,-1.190
1775859209338,-0.026,-0.467,-1.118
1775859209358,0.035,-0.369,-1.293
1775859209377,0.065,-0.407,-1.469
1775859209397,0.043,-0.477,-1.349
1775859209417,0.023,-0.443,-1.232
1775859209437,0.074,-0.406,-1.360
1775859209456,0.096,-0.362,-1.364
1775859209476,0.049,-0.390,-1.189
1775859209496,0.046,-0.405,-1.132
1775859209516,0.055,-0.363,-1.223
1775859209536,0.066,-0.367,-1.204
1775859209555,0.057,-0.386,-1.119
1775859209575,0.037,-0.399,-1.117
1775859209595,0.035,-0.386,-1.120
1775859209615,0.022,-0.372,-1.057
1775859209634,0.034,-0.317,-0.954
1775859209654,0.027,-0.323,-0.888
1775859209674,0.031,-0.294,-0.849
1775859209694,0.053,-0.279,-0.794
1775859209713,0.028,-0.219,-0.698
1775859209733,0.041,-0.171,-0.625
1775859209753,0.031,-0.282,-0.556
1775859209773,0.009,-0.246,-0.447
1775859209793,0.007,-0.160,-0.372
1775859209812,0.031,-0.236,-0.410
1775859209832,0.009,-0.253,-0.542
1775859209852,-0.006,-0.208,-0.636
1775859209872,0.002,-0.316,-0.737
1775859209891,-0.003,-0.373,-0.680
1775859209911,-0.007,-0.306,-0.573
1775859209931,0.039,-0.397,-0.675
1775859209951,0.082,-0.385,-0.756
1775859209970,0.042,-0.272,-0.708
1775859209990,0.021,-0.230,-0.737
1775859210010,0.067,-0.311,-0.937
1775859210030,0.050,-0.438,-1.007
1775859210050,-0.001,-0.305,-0.960
1775859210069,0.062,-0.325,-1.056
1775859210089,0.011,-0.482,-0.981
1775859210109,-0.010,-0.333,-0.905
1775859210129,0.035,-0.314,-0.999
1775859210148,0.010,-0.452,-0.898
1775859210168,-0.005,-0.368,-0.800
1775859210188,0.006,-0.259,-0.869
1775859210208,0.002,-0.334,-0.824
1775859210227,-0.006,-0.396,-0.636
1775859210247,-0.013,-0.316,-0.482
1775859210267,0.006,-0.188,-0.435
1775859210287,0.002,-0.153,-0.361
1775859210307,-0.037,-0.169,-0.372
1775859210326,-0.011,-0.286,-0.501
1775859210346,0.011,-0.383,-0.477
1775859210366,-0.014,-0.347,-0.352
1775859210386,0.053,-0.272,-0.551
1775859210405,0.075,-0.380,-1.001
1775859210425,0.044,-0.305,-1.175
1775859210445,0.034,-0.338,-0.889
1775859210465,0.044,-0.531,-0.836
1775859210484,0.023,-0.427,-1.076
1775859210504,0.053,-0.314,-1.064
1775859210524,0.049,-0.426,-0.709
1775859210544,0.059,-0.460,-0.878
1775859210564,0.091,-0.306,-1.239
1775859210583,0.059,-0.330,-1.078
1775859210603,0.038,-0.458,-1.084
1775859210623,0.041,-0.390,-1.322
1775859210643,0.002,-0.346,-1.189
1775859210662,-0.003,-0.428,-1.026
1775859210682,0.072,-0.385,-1.221
1775859210702,0.040,-0.273,-1.202
1775859210722,-0.017,-0.285,-0.931
1775859210741,0.009,-0.237,-0.879
1775859210761,0.058,-0.343,-1.098
1775859210781,0.043,-0.360,-1.240
1775859210801,0.023,-0.252,-1.207
1775859210820,0.025,-0.269,-1.161
1775859210840,0.037,-0.319,-1.118
1775859210860,0.037,-0.300,-1.081
1775859210880,0.046,-0.269,-1.049
1775859210900,0.035,-0.270,-1.247
1775859210919,0.018,-0.221,-1.344
1775859210939,-0.008,-0.296,-1.161
1775859210959,0.027,-0.367,-1.181
1775859210979,0.067,-0.320,-1.213
1775859210998,0.063,-0.244,-1.099
1775859211018,0.075,-0.227,-1.057
1775859211038,0.063,-0.264,-1.079
1775859211058,0.060,-0.243,-1.073
1775859211077,0.032,-0.205,-1.009
1775859211097,0.020,-0.281,-0.989
1775859211117,0.018,-0.270,-1.082
1775859211137,0.020,-0.228,-1.156
1775859211156,-0.019,-0.308,-1.069
1775859211176,-0.020,-0.286,-1.161
1775859211196,-0.001,-0.269,-1.347
1775859211216,-0.020,-0.307,-1.388
1775859211236,-0.015,-0.424,-1.358
1775859211255,0.008,-0.453,-1.413
1775859211275,0.047,-0.385,-1.415
1775859211295,0.057,-0.358,-1.334
1775859211315,0.078,-0.342,-1.317
1775859211334,0.113,-0.346,-1.304
1775859211354,0.133,-0.293,-1.255
1775859211374,0.106,-0.321,-1.181
1775859211394,0.078,-0.313,-1.094
1775859211413,0.067,-0.397,-1.084
1775859211433,0.057,-0.366,-1.057
1775859211453,0.041,-0.293,-1.061
1775859211473,0.026,-0.252,-1.003
1775859211492,-0.009,-0.302,-0.898
1775859211512,-0.015,-0.352,-0.834
1775859211532,-0.010,-0.321,-0.785
1775859211552,0.005,-0.251,-0.737
1775859211571,0.031,-0.228,-0.642
1775859211591,0.009,-0.168,-0.522
1775859211611,0.023,-0.151,-0.471
1775859211631,0.001,-0.202,-0.461
1775859211651,-0.018,-0.159,-0.468
1775859211670,0.027,-0.279,-0.424
1775859211690,-0.006,-0.406,-0.439
1775859211710,-0.004,-0.276,-0.585
1775859211730,0.033,-0.260,-0.707
1775859211749,0.024,-0.384,-0.681
1775859211769,0.030,-0.304,-0.696
1775859211789,0.023,-0.267,-0.764
1775859211809,0.046,-0.387,-0.861
1775859211828,0.084,-0.462,-0.889
1775859211848,0.021,-0.294,-0.900
1775859211868,0.009,-0.227,-1.004
1775859211888,0.006,-0.418,-0.974
1775859211907,-0.021,-0.490,-0.815
1775859211927,-0.016,-0.326,-0.869
1775859211947,0.030,-0.330,-0.986
1775859211967,-0.020,-0.386,-0.849
1775859211986,-0.016,-0.294,-0.853
1775859212006,0.023,-0.323,-0.941
1775859212026,0.026,-0.415,-0.833
1775859212046,0.012,-0.286,-0.722
1775859212066,0.037,-0.183,-0.748
1775859212085,0.033,-0.311,-0.664
1775859212105,0.018,-0.378,-0.448
1775859212125,-0.005,-0.271,-0.297
1775859212145,0.012,-0.144,-0.326
1775859212164,-0.021,-0.191,-0.360
1775859212184,-0.011,-0.283,-0.384
1775859212204,0.022,-0.363,-0.341
1775859212224,-0.006,-0.306,-0.400
1775859212243,0.065,-0.196,-0.766
1775859212263,0.108,-0.335,-1.119
1775859212283,0.067,-0.374,-1.221
1775859212303,0.072,-0.437,-1.139
1775859212323,0.061,-0.355,-1.240
1775859212342,0.061,-0.378,-1.286
1775859212362,0.052,-0.445,-1.026
1775859212421,0.045,-0.319,-1.255
1775859212441,0.072,-0.395,-1.160
1775859212461,0.093,-0.324,-1.124
1775859212481,0.079,-0.162,-1.127
1775859212500,0.022,-0.244,-1.053
1775859212520,0.024,-0.375,-1.176
1775859212540,0.034,-0.339,-1.168
1775859212560,0.040,-0.292,-1.051
1775859212580,0.076,-0.272,-0.999
1775859212599,0.064,-0.249,-0.989
1775859212619,0.065,-0.261,-1.075
1775859212639,0.062,-0.312,-1.120
1775859212659,0.080,-0.231,-1.081
1775859212678,0.059,-0.247,-1.047
1775859212698,0.068,-0.234,-1.080
1775859212718,0.048,-0.322,-1.107
1775859212738,0.059,-0.304,-1.158
1775859212757,0.075,-0.244,-1.277
1775859212777,0.067,-0.215,-1.232
1775859212797,0.019,-0.299,-1.149
1775859212817,0.019,-0.287,-1.133
1775859212837,0.014,-0.268,-1.115
1775859212856,0.016,-0.266,-1.094
1775859212876,0.020,-0.255,-1.086
1775859212896,0.024,-0.256,-1.050
1775859212916,0.042,-0.227,-1.043
1775859212935,0.038,-0.203,-1.046
1775859212955,0.038,-0.194,-1.021
1775859212975,0.024,-0.249,-0.943
1775859212995,0.016,-0.220,-0.970
1775859213014,0.025,-0.158,-1.021
1775859213034,0.019,-0.213,-1.004
1775859213054,0.014,-0.274,-1.050
1775859213074,0.031,-0.261,-1.236
1775859213094,0.034,-0.269,-1.345
1775859213113,0.048,-0.298,-1.287
1775859213133,0.067,-0.347,-1.348
1775859213153,0.071,-0.338,-1.442
1775859213173,0.043,-0.283,-1.397
1775859213192,0.049,-0.269,-1.329
1775859213212,0.029,-0.280,-1.324
1775859213232,0.010,-0.351,-1.320
1775859213252,0.017,-0.355,-1.230
1775859213271,0.049,-0.290,-1.234
1775859213291,0.068,-0.264,-1.307
1775859213311,0.062,-0.226,-1.231
1775859213331,0.057,-0.264,-1.121
1775859213351,0.041,-0.278,-1.064
1775859213370,0.039,-0.282,-1.057
1775859213390,0.019,-0.263,-1.006
1775859213410,0.019,-0.235,-0.912
1775859213430,0.023,-0.219,-0.805
1775859213449,0.020,-0.231,-0.727
1775859213469,0.051,-0.226,-0.600
1775859213489,0.047,-0.234,-0.478
1775859213509,0.020,-0.227,-0.533
1775859213528,0.040,-0.159,-0.574
1775859213548,0.022,-0.183,-0.496
1775859213568,0.009,-0.287,-0.459
1775859213588,-0.012,-0.280,-0.441
1775859213607,0.001,-0.188,-0.500
1775859213627,0.054,-0.410,-0.621
1775859213647,0.012,-0.430,-0.678
1775859213667,0.014,-0.162,-0.664
1775859213687,0.059,-0.323,-0.753
1775859213706,0.079,-0.432,-0.849
1775859213726,0.042,-0.294,-0.864
1775859213746,0.082,-0.296,-0.918
1775859213766,0.104,-0.439,-0.916
1775859213785,0.028,-0.287,-0.890
1775859213825,0.059,-0.390,-0.947
1775859213845,-0.026,-0.443,-0.859
1775859213864,-0.015,-0.200,-0.975
1775859213884,-0.014,-0.230,-1.078
1775859213904,-0.019,-0.456,-1.007
1775859213924,-0.033,-0.401,-0.926
1775859213944,0.001,-0.280,-0.965
1775859213963,0.020,-0.333,-0.998
1775859213983,0.018,-0.327,-0.925
1775859214003,0.037,-0.245,-0.900
1775859214023,0.053,-0.276,-0.901
1775859214042,0.037,-0.338,-0.902
1775859214062,0.038,-0.282,-0.913
1775859214082,0.037,-0.314,-0.899
1775859214102,0.029,-0.336,-0.850
1775859214121,0.020,-0.337,-0.763
1775859214141,-0.020,-0.269,-0.632
1775859214161,-0.041,-0.181,-0.453
1775859214181,-0.022,-0.185,-0.271
1775859214200,-0.026,-0.373,-0.221
1775859214220,-0.009,-0.474,-0.246
1775859214240,0.007,-0.339,-0.304
1775859214260,0.038,-0.176,-0.533
1775859214280,0.037,-0.114,-0.813
1775859214299,0.045,-0.327,-0.938
1775859214319,-0.012,-0.437,-0.945
1775859214339,-0.027,-0.408,-0.983
1775859214359,0.024,-0.370,-0.978
1775859214378,0.022,-0.439,-0.910
1775859214398,0.042,-0.327,-1.092
1775859214418,0.046,-0.214,-1.241
1775859214438,0.020,-0.353,-1.076
1775859214457,0.045,-0.432,-1.003
1775859214477,0.092,-0.288,-1.157
1775859214497,0.055,-0.288,-1.115
1775859214517,0.014,-0.356,-0.915
1775859214537,0.043,-0.342,-1.053
1775859214556,0.090,-0.284,-1.193
1775859214576,0.068,-0.195,-1.086
1775859214596,0.053,-0.249,-1.153
1775859214616,0.039,-0.277,-1.251
1775859214635,-0.018,-0.217,-1.300
1775859214655,-0.048,-0.267,-1.173
1775859214675,-0.013,-0.366,-0.947
1775859214695,0.015,-0.362,-0.999
1775859214714,0.038,-0.172,-1.103
1775859214734,0.029,-0.169,-1.171
1775859214754,0.085,-0.284,-1.450
1775859214774,0.076,-0.376,-1.502
1775859214794,0.001,-0.263,-1.317
1775859214813,-0.039,-0.210,-1.315
1775859214833,-0.056,-0.388,-1.253
1775859214853,-0.062,-0.360,-1.063
1775859214873,-0.043,-0.224,-1.106
1775859214892,0.002,-0.269,-1.146
1775859214912,0.011,-0.325,-1.059
1775859214932,0.011,-0.244,-1.151
1775859214952,0.008,-0.227,-1.211
1775859214971,-0.023,-0.315,-1.148
1775859214991,-0.029,-0.453,-1.192
1775859215011,0.004,-0.341,-1.321
1775859215031,0.025,-0.337,-1.420
1775859215050,0.017,-0.399,-1.380
1775859215070,-0.007,-0.333,-1.329
1775859215090,0.013,-0.318,-1.341
1775859215110,0.023,-0.346,-1.273
1775859215130,0.014,-0.359,-1.233
1775859215149,-0.008,-0.303,-1.205
1775859215169,-0.010,-0.335,-1.103
1775859215189,-0.017,-0.339,-1.065
1775859215209,0.007,-0.295,-1.100
1775859215228,-0.004,-0.326,-1.066
1775859215248,-0.014,-0.289,-0.973
1775859215268,0.009,-0.310,-0.912
1775859215288,0.035,-0.290,-0.911
1775859215307,0.055,-0.276,-0.886
1775859215327,0.066,-0.211,-0.804
1775859215347,0.057,-0.222,-0.714
1775859215367,0.054,-0.169,-0.649
1775859215387,0.071,-0.174,-0.567
1775859215406,0.044,-0.206,-0.446
1775859215426,0.023,-0.251,-0.350
1775859215446,0.022,-0.250,-0.348
1775859215466,0.027,-0.205,-0.394
1775859215485,0.011,-0.212,-0.505
1775859215505,-0.009,-0.232,-0.653
1775859215525,-0.011,-0.272,-0.710
1775859215545,-0.005,-0.397,-0.700
1775859215564,0.015,-0.461,-0.702
1775859215584,0.021,-0.289,-0.787
1775859215604,0.032,-0.202,-0.959
1775859215624,0.049,-0.239,-1.026
1775859215644,0.048,-0.326,-0.916
1775859215663,0.014,-0.274,-0.871
1775859215683,0.034,-0.271,-0.999
1775859215703,0.039,-0.377,-1.055
1775859215723,0.022,-0.318,-1.000
1775859215742,0.012,-0.184,-0.977
1775859215762,0.028,-0.339,-1.034
1775859215782,0.006,-0.436,-0.951
1775859215802,0.006,-0.218,-0.893
1775859215821,0.055,-0.212,-0.994
1775859215841,0.033,-0.381,-0.956
1775859215861,0.032,-0.263,-0.840
1775859215881,0.056,-0.160,-0.892
1775859215900,0.037,-0.267,-0.846
1775859215920,-0.003,-0.322,-0.661
1775859215940,-0.005,-0.283,-0.518
1775859215960,0.004,-0.240,-0.391
1775859215980,-0.009,-0.199,-0.210
1775859215999,0.016,-0.179,-0.158
1775859216019,0.019,-0.274,-0.383
1775859216039,0.046,-0.267,-0.638
1775859216059,0.012,-0.205,-0.616
1775859216078,0.059,-0.255,-0.623
1775859216098,0.025,-0.388,-0.966
1775859216118,0.060,-0.354,-1.416
1775859216138,0.044,-0.297,-1.318
1775859216157,0.008,-0.330,-1.062
1775859216177,0.013,-0.413,-1.058
1775859216197,0.019,-0.380,-1.222
1775859216217,-0.005,-0.302,-1.134
1775859216236,-0.013,-0.221,-0.963
1775859216256,-0.009,-0.332,-0.933
1775859216276,0.055,-0.431,-0.850
1775859216296,0.070,-0.333,-0.887
1775859216315,0.056,-0.157,-1.156
1775859216335,0.098,-0.131,-1.240
1775859216355,0.095,-0.238,-1.146
1775859216375,0.072,-0.330,-1.037
1775859216395,0.001,-0.207,-1.065
1775859216414,-0.008,-0.148,-1.199
1775859216434,-0.003,-0.240,-1.124
1775859216454,-0.012,-0.339,-0.975
1775859216474,0.020,-0.171,-1.032
1775859216493,0.044,-0.182,-1.044
1775859216513,0.023,-0.199,-1.128
1775859216533,0.016,-0.142,-1.222
1775859216553,0.032,-0.227,-1.092
1775859216572,0.041,-0.258,-1.045
1775859216632,0.074,-0.197,-1.094
1775859216652,0.126,-0.234,-1.215
1775859216671,0.111,-0.293,-1.283
1775859216691,0.084,-0.180,-1.167
1775859216711,0.048,-0.130,-1.179
1775859216731,0.034,-0.282,-1.207
1775859216750,-0.006,-0.351,-1.117
1775859216770,-0.008,-0.235,-1.125
1775859216790,0.006,-0.210,-1.135
1775859216810,0.031,-0.295,-1.065
1775859216829,0.063,-0.266,-1.103
1775859216849,0.075,-0.187,-1.210
1775859216869,0.047,-0.205,-1.167
1775859216889,0.054,-0.222,-1.205
1775859216909,0.060,-0.262,-1.342
1775859216928,0.026,-0.351,-1.332
1775859216948,0.022,-0.312,-1.267
1775859216968,0.044,-0.319,-1.280
1775859216988,0.065,-0.348,-1.354
1775859217007,0.099,-0.275,-1.315
1775859217027,0.094,-0.251,-1.221
1775859217047,0.109,-0.242,-1.188
1775859217067,0.097,-0.250,-1.122
1775859217086,0.085,-0.243,-1.071
1775859217106,0.066,-0.226,-1.084
1775859217126,0.050,-0.236,-1.093
1775859217146,0.040,-0.293,-1.047
1775859217166,0.043,-0.265,-0.980
1775859217185,0.057,-0.260,-1.023
1775859217205,0.074,-0.331,-1.085
1775859217225,0.070,-0.278,-1.021
1775859217245,0.065,-0.257,-0.940
1775859217264,0.054,-0.254,-0.873
1775859217284,0.079,-0.250,-0.833
1775859217304,0.089,-0.284,-0.768
1775859217324,0.076,-0.270,-0.642
1775859217343,0.067,-0.188,-0.570
1775859217363,0.055,-0.186,-0.480
1775859217383,0.017,-0.201,-0.362
1775859217403,0.031,-0.191,-0.316
1775859217422,0.021,-0.321,-0.352
1775859217442,-0.011,-0.329,-0.490
1775859217462,0.015,-0.137,-0.682
1775859217482,0.036,-0.234,-0.808
1775859217502,0.025,-0.433,-0.897
1775859217521,0.076,-0.403,-0.927
1775859217541,0.068,-0.271,-0.870
1775859217561,0.049,-0.216,-0.866
1775859217581,0.096,-0.275,-0.942
1775859217600,0.109,-0.371,-0.887
1775859217620,0.048,-0.275,-0.830
1775859217640,0.059,-0.123,-0.964
1775859217660,0.060,-0.244,-1.040
1775859217679,-0.002,-0.336,-0.931
1775859217699,0.014,-0.270,-0.865
1775859217719,0.046,-0.296,-0.964
1775859217739,0.040,-0.319,-1.011
1775859217758,0.030,-0.180,-0.999
1775859217778,0.044,-0.217,-1.070
1775859217798,0.044,-0.372,-0.996
1775859217818,0.036,-0.363,-0.926
1775859217838,0.067,-0.236,-1.003
1775859217857,0.078,-0.225,-1.028
1775859217877,0.048,-0.266,-0.955
1775859217897,0.046,-0.274,-0.966
1775859217917,0.054,-0.347,-0.971
1775859217936,0.033,-0.367,-0.883
1775859217956,0.036,-0.280,-0.891
1775859217976,0.041,-0.282,-0.955
1775859217996,0.030,-0.317,-0.891
1775859218015,0.006,-0.312,-0.833
1775859218035,0.022,-0.306,-0.855
1775859218055,0.007,-0.351,-0.796
1775859218075,-0.003,-0.354,-0.681
1775859218094,-0.028,-0.315,-0.548
1775859218114,-0.031,-0.239,-0.368
1775859218134,0.014,-0.258,-0.158
1775859218154,-0.007,-0.310,-0.153
1775859218174,0.028,-0.312,-0.427
1775859218193,0.083,-0.324,-0.613
1775859218213,0.045,-0.245,-0.494
1775859218233,0.093,-0.110,-0.559
1775859218253,0.101,-0.280,-0.939
1775859218272,0.028,-0.346,-1.277
1775859218292,-0.054,-0.268,-1.239
1775859218312,-0.053,-0.424,-1.073
1775859218332,-0.107,-0.529,-0.834
1775859218351,-0.021,-0.370,-0.725
1775859218371,0.071,-0.268,-0.738
1775859218391,0.084,-0.238,-1.040
1775859218411,0.063,-0.230,-1.346
1775859218430,0.052,-0.321,-1.198
1775859218450,0.076,-0.464,-1.034
1775859218470,0.110,-0.307,-1.068
1775859218490,0.043,-0.178,-1.237
1775859218509,0.060,-0.291,-1.375
1775859218529,0.100,-0.410,-1.188
1775859218549,0.091,-0.296,-1.139
1775859218569,0.016,-0.066,-1.326
1775859218589,-0.075,-0.186,-1.365
1775859218608,-0.039,-0.462,-1.172
1775859218628,-0.061,-0.560,-0.949
1775859218648,-0.012,-0.305,-1.074
1775859218668,0.059,-0.106,-1.258
1775859218687,0.051,-0.176,-1.145
1775859218707,0.028,-0.320,-1.081
1775859218727,0.035,-0.257,-1.067
1775859218747,0.089,-0.209,-1.233
1775859218766,0.069,-0.279,-1.343
1775859218786,-0.012,-0.258,-1.133
1775859218806,0.003,-0.274,-1.040
1775859218826,0.047,-0.281,-1.218
1775859218845,0.051,-0.230,-1.150
1775859218865,0.013,-0.173,-0.969
1775859218885,0.003,-0.217,-0.935
1775859218905,0.017,-0.257,-0.962
1775859218925,0.005,-0.217,-0.856
1775859218944,0.003,-0.186,-0.804
1775859218964,0.058,-0.195,-0.908
1775859218984,0.088,-0.266,-0.997
1775859219004,0.049,-0.171,-0.959
1775859219023,0.004,-0.179,-1.102
1775859219043,0.048,-0.318,-1.300
1775859219063,0.017,-0.331,-1.258
1775859219083,-0.008,-0.274,-1.272
1775859219102,-0.008,-0.273,-1.446
1775859219122,0.004,-0.280,-1.557
1775859219142,-0.012,-0.384,-1.479
1775859219162,-0.006,-0.403,-1.382
1775859219181,0.030,-0.324,-1.347
1775859219201,0.075,-0.285,-1.380
1775859219221,0.075,-0.213,-1.321
1775859219241,0.050,-0.224,-1.205
1775859219261,0.049,-0.226,-1.156
1775859219280,0.064,-0.226,-1.170
1775859219300,0.047,-0.218,-1.161
1775859219320,0.015,-0.238,-1.058
1775859219340,0.007,-0.208,-0.988
1775859219359,0.032,-0.258,-0.983
1775859219379,0.036,-0.240,-0.962
1775859219399,0.025,-0.181,-0.867
1775859219419,0.007,-0.156,-0.808
1775859219438,0.010,-0.186,-0.792
1775859219458,0.023,-0.184,-0.736
1775859219478,0.027,-0.187,-0.619
1775859219498,0.014,-0.226,-0.572
1775859219517,-0.016,-0.293,-0.607
1775859219537,-0.032,-0.200,-0.590
1775859219557,-0.027,-0.165,-0.465
1775859219577,-0.017,-0.288,-0.407
1775859219597,-0.014,-0.303,-0.530
1775859219616,0.001,-0.215,-0.640
1775859219636,-0.009,-0.231,-0.688
1775859219656,-0.015,-0.269,-0.746
1775859219676,-0.041,-0.320,-0.728
1775859219695,-0.015,-0.295,-0.730
1775859219715,0.036,-0.354,-0.937
1775859219735,0.023,-0.355,-1.071
1775859219755,0.015,-0.256,-0.996
1775859219774,0.065,-0.379,-0.971
1775859219794,0.043,-0.464,-0.901
1775859219814,0.042,-0.214,-0.865
1775859219834,0.089,-0.179,-0.927
1775859219853,0.066,-0.366,-0.929
1775859219873,0.027,-0.264,-0.918
1775859219893,0.033,-0.178,-0.990
1775859219913,0.041,-0.314,-0.999
1775859219933,0.012,-0.391,-0.912
1775859219952,0.030,-0.276,-0.910
1775859219972,0.044,-0.291,-0.955
1775859219992,0.020,-0.293,-0.956
1775859220012,0.028,-0.261,-1.001
1775859220031,0.025,-0.345,-0.978
1775859220051,-0.013,-0.403,-0.925
1775859220071,-0.013,-0.286,-0.974
1775859220091,-0.010,-0.257,-1.030
1775859220110,-0.029,-0.388,-0.940
1775859220130,-0.024,-0.424,-0.809
1775859220150,-0.014,-0.365,-0.784
1775859220170,0.001,-0.298,-0.818
1775859220189,0.000,-0.332,-0.771
1775859220209,0.002,-0.380,-0.702
1775859220229,-0.007,-0.356,-0.621
1775859220249,-0.010,-0.298,-0.472
1775859220268,0.003,-0.254,-0.298
1775859220288,-0.008,-0.299,-0.360
1775859220308,-0.018,-0.346,-0.583
1775859220328,0.026,-0.278,-0.585
1775859220347,-0.005,-0.347,-0.294
1775859220367,-0.029,-0.263,-0.338
1775859220387,0.049,-0.274,-0.807
1775859220407,0.085,-0.426,-1.064
1775859220426,0.008,-0.392,-0.799
1775859220446,0.052,-0.292,-0.774
1775859220466,0.029,-0.309,-1.173
1775859220486,0.043,-0.433,-1.334
1775859220506,-0.018,-0.426,-1.075
1775859220525,-0.061,-0.385,-1.080
1775859220545,-0.030,-0.452,-1.032
1775859220565,0.003,-0.518,-0.925
1775859220585,0.006,-0.423,-0.954
1775859220604,0.046,-0.185,-1.046
1775859220624,0.105,-0.340,-0.905
1775859220644,0.118,-0.520,-0.990
1775859220664,0.115,-0.278,-1.220
1775859220683,0.101,-0.227,-1.170
1775859220703,0.020,-0.486,-1.029
1775859220723,-0.004,-0.523,-1.174
1775859220743,-0.006,-0.271,-1.339
1775859220763,-0.046,-0.183,-1.370
1775859220782,-0.079,-0.386,-1.411
1775859220802,-0.053,-0.387,-1.435
1775859220822,-0.065,-0.270,-1.206
1775859220842,-0.084,-0.366,-1.009
1775859220861,-0.057,-0.320,-0.952
1775859220881,-0.040,-0.217,-1.107
1775859220901,-0.056,-0.250,-1.038
1775859220921,-0.060,-0.308,-0.954
1775859220940,-0.005,-0.382,-1.218
1775859220960,-0.018,-0.253,-1.376
1775859220980,-0.093,-0.279,-1.159
1775859221000,-0.076,-0.449,-0.969
1775859221019,-0.036,-0.334,-1.073
1775859221039,0.024,-0.222,-1.089
1775859221059,0.047,-0.343,-0.956
1775859221079,0.099,-0.261,-1.055
1775859221099,0.072,-0.180,-1.223
1775859221118,0.005,-0.280,-1.155
1775859221138,-0.015,-0.337,-1.106
1775859221158,-0.033,-0.322,-1.245
1775859221178,-0.042,-0.321,-1.233
1775859221197,-0.050,-0.365,-1.091
1775859221217,-0.022,-0.306,-1.123
1775859221237,0.011,-0.249,-1.225
1775859221257,0.002,-0.349,-1.213
1775859221276,0.043,-0.389,-1.159
1775859221296,0.044,-0.250,-1.210
1775859221316,0.040,-0.234,-1.207
1775859221336,0.030,-0.298,-1.123
1775859221355,0.039,-0.361,-1.113
1775859221375,0.016,-0.342,-1.101
1775859221395,0.006,-0.335,-1.089
1775859221415,0.012,-0.351,-1.086
1775859221435,0.042,-0.337,-1.064
1775859221454,0.053,-0.335,-1.065
1775859221474,0.060,-0.311,-1.101
1775859221494,0.036,-0.365,-1.034
1775859221514,0.052,-0.318,-0.907
1775859221533,0.069,-0.319,-0.849
1775859221553,0.080,-0.279,-0.878
1775859221573,0.086,-0.320,-0.919
1775859221593,0.089,-0.311,-0.842
1775859221612,0.080,-0.314,-0.727
1775859221632,0.092,-0.346,-0.591
1775859221652,0.043,-0.310,-0.525
1775859221672,0.027,-0.194,-0.555
1775859221691,0.035,-0.263,-0.543
1775859221711,0.023,-0.453,-0.453
1775859221731,0.009,-0.472,-0.447
1775859221751,0.039,-0.386,-0.587
1775859221770,0.050,-0.314,-0.651
1775859221790,0.008,-0.336,-0.547
1775859221810,-0.012,-0.303,-0.537
1775859221830,-0.013,-0.338,-0.683
1775859221850,-0.005,-0.387,-0.721
1775859221869,-0.001,-0.469,-0.756
1775859221889,-0.001,-0.583,-0.825
1775859221909,0.008,-0.459,-0.781
1775859221929,0.046,-0.372,-0.833
1775859221948,0.072,-0.475,-0.993
1775859221968,0.062,-0.465,-1.031
1775859221988,0.074,-0.346,-0.991
1775859222008,0.099,-0.441,-0.985
1775859222027,0.067,-0.464,-0.944
1775859222047,0.073,-0.338,-0.935
1775859222067,0.068,-0.394,-0.962
1775859222087,0.021,-0.438,-0.890
1775859222107,0.015,-0.336,-0.881
1775859222126,0.018,-0.392,-0.888
1775859222146,-0.003,-0.456,-0.835
1775859222166,-0.012,-0.391,-0.842
1775859222186,0.012,-0.376,-0.884
1775859222205,-0.006,-0.415,-0.878
1775859222225,-0.008,-0.359,-0.933
1775859222245,0.014,-0.383,-0.975
1775859222265,0.013,-0.478,-0.943
1775859222284,0.010,-0.419,-0.946
1775859222304,0.025,-0.328,-0.997
1775859222324,0.027,-0.361,-0.972
1775859222344,0.023,-0.452,-0.875
1775859222363,0.015,-0.449,-0.835
1775859222383,0.032,-0.349,-0.839
1775859222403,0.038,-0.357,-0.824
1775859222423,0.015,-0.382,-0.727
1775859222442,0.007,-0.339,-0.680
1775859222462,0.011,-0.318,-0.691
1775859222482,-0.010,-0.349,-0.685
1775859222502,0.011,-0.355,-0.878
1775859222522,0.018,-0.393,-1.131
1775859222541,-0.001,-0.436,-1.231
1775859222561,0.019,-0.425,-1.053
1775859222581,0.027,-0.369,-0.970
1775859222601,0.029,-0.304,-0.979
1775859222620,0.041,-0.292,-0.966
1775859222640,0.035,-0.278,-0.892
1775859222660,0.035,-0.283,-0.787
1775859222680,0.014,-0.350,-0.805
1775859222699,0.018,-0.327,-0.851
1775859222719,-0.004,-0.263,-0.794
1775859222739,0.011,-0.246,-0.765
1775859222759,-0.004,-0.336,-0.884
1775859222778,-0.003,-0.344,-1.027
1775859222798,0.009,-0.339,-0.977
1775859222818,0.024,-0.320,-0.919
1775859222838,0.051,-0.327,-1.112
1775859222858,0.045,-0.357,-1.236
1775859222877,0.070,-0.358,-1.048
1775859222897,0.065,-0.365,-0.884
1775859222917,0.044,-0.226,-0.909
1775859222937,0.064,-0.091,-1.043
1775859222956,0.025,-0.188,-1.041
1775859222976,-0.027,-0.277,-1.029
1775859222996,-0.032,-0.266,-1.095
1775859223016,-0.042,-0.290,-1.033
1775859223035,-0.051,-0.322,-0.935
1775859223055,-0.047,-0.326,-0.918
1775859223075,-0.014,-0.357,-0.834
1775859223095,0.016,-0.388,-0.628
1775859223114,0.006,-0.221,-0.506
1775859223134,0.063,-0.077,-0.655
1775859223154,0.095,-0.199,-0.793
1775859223174,0.070,-0.230,-0.781
1775859223194,0.031,-0.208,-0.824
1775859223213,0.042,-0.147,-0.988
1775859223233,0.030,-0.367,-1.317
1775859223253,0.029,-0.557,-1.420
1775859223273,0.043,-0.353,-1.319
1775859223292,0.051,-0.272,-1.328
1775859223312,0.001,-0.209,-1.242
1775859223332,-0.022,-0.260,-1.014
1775859223352,-0.007,-0.368,-0.902
1775859223371,0.015,-0.275,-0.842
1775859223391,0.028,-0.169,-0.891
1775859223411,0.031,-0.242,-0.893
1775859223431,0.070,-0.259,-0.809
1775859223450,0.074,-0.152,-0.915
1775859223470,0.027,-0.158,-1.079
1775859223490,-0.042,-0.181,-0.903
1775859223510,-0.039,-0.295,-0.780
1775859223530,0.036,-0.448,-0.891
1775859223549,0.086,-0.265,-1.070
1775859223569,0.073,-0.175,-1.101
1775859223589,0.059,-0.310,-0.909
1775859223609,0.062,-0.340,-0.851
1775859223628,0.110,-0.343,-1.077
1775859223648,0.126,-0.214,-1.131
1775859223668,0.085,-0.191,-0.976
1775859223688,0.062,-0.263,-1.095
1775859223707,0.026,-0.294,-1.155
1775859223727,-0.019,-0.283,-1.021
1775859223747,-0.044,-0.292,-0.918
1775859223767,-0.019,-0.310,-1.092
1775859223786,0.019,-0.295,-1.153
1775859223806,0.013,-0.270,-1.020
1775859223826,0.030,-0.234,-0.894
1775859223846,0.050,-0.179,-0.947
1775859223866,0.053,-0.185,-0.986
1775859223885,-0.003,-0.179,-0.899
1775859223905,-0.022,-0.194,-0.811
1775859223925,-0.001,-0.305,-0.917
1775859223945,0.062,-0.277,-1.153
1775859223964,0.073,-0.282,-1.197
1775859223984,0.053,-0.342,-1.084
1775859224004,0.079,-0.326,-1.090
1775859224024,0.090,-0.265,-1.115
1775859224043,0.066,-0.269,-1.020
1775859224063,0.053,-0.294,-0.824
1775859224083,0.063,-0.273,-0.757
1775859224103,0.073,-0.168,-0.882
1775859224123,0.076,-0.122,-0.907
1775859224142,0.030,-0.306,-0.898
1775859224162,0.062,-0.345,-1.097
1775859224182,0.056,-0.305,-1.143
1775859224202,0.024,-0.257,-1.050
1775859224221,0.049,-0.409,-1.041
1775859224241,0.063,-0.388,-1.093
1775859224261,0.077,-0.252,-1.081
1775859224281,0.067,-0.228,-0.967
1775859224300,0.046,-0.198,-0.903
1775859224320,0.022,-0.205,-0.932
1775859224340,-0.010,-0.156,-0.893
1775859224360,-0.018,-0.213,-0.818
1775859224380,0.037,-0.248,-0.947
1775859224399,0.029,-0.334,-1.128
1775859224419,-0.006,-0.302,-1.190
1775859224439,0.006,-0.318,-1.157
1775859224459,0.019,-0.408,-1.143
1775859224478,0.076,-0.285,-1.149
1775859224498,0.082,-0.276,-1.091
1775859224518,0.072,-0.256,-0.996
1775859224538,0.093,-0.286,-0.994
1775859224557,0.080,-0.245,-0.996
1775859224577,0.053,-0.202,-0.911
1775859224597,0.026,-0.216,-0.789
1775859224617,0.001,-0.236,-0.710
1775859224637,-0.019,-0.182,-0.745
1775859224656,0.009,-0.256,-0.764
1775859224676,0.051,-0.322,-0.818
1775859224696,0.105,-0.338,-0.981
1775859224716,0.117,-0.168,-1.074
1775859224735,0.086,-0.250,-1.016
1775859224755,0.082,-0.326,-1.007
1775859224775,0.082,-0.300,-1.134
1775859224795,0.066,-0.273,-1.197
1775859224814,0.009,-0.291,-1.114
1775859224834,0.020,-0.366,-1.052
1775859224854,0.053,-0.337,-1.093
1775859224874,0.081,-0.301,-1.113
1775859224893,0.081,-0.213,-1.024
1775859224913,0.076,-0.165,-1.015
1775859224933,0.064,-0.247,-1.091
1775859224953,0.062,-0.320,-1.056
1775859224972,0.045,-0.269,-0.971
1775859224992,0.017,-0.228,-0.932
1775859225012,0.017,-0.273,-0.818
1775859225032,-0.006,-0.277,-0.716
1775859225051,0.031,-0.215,-0.711
1775859225071,0.032,-0.237,-0.743
1775859225091,0.047,-0.297,-0.786
1775859225111,0.069,-0.203,-0.816
1775859225131,0.039,-0.238,-0.973
1775859225150,0.034,-0.292,-1.207
1775859225170,0.028,-0.324,-1.252
1775859225190,-0.007,-0.412,-1.238
1775859225210,0.009,-0.485,-1.267
1775859225229,0.040,-0.404,-1.250
1775859225249,0.035,-0.268,-1.139
1775859225269,0.061,-0.328,-0.996
1775859225289,0.076,-0.332,-0.916
1775859225308,0.100,-0.233,-0.916
1775859225328,0.110,-0.247,-0.876
1775859225348,0.095,-0.222,-0.856
1775859225368,0.083,-0.169,-0.942
1775859225388,0.083,-0.298,-0.977
1775859225407,0.076,-0.379,-1.004
1775859225427,0.086,-0.329,-1.036
1775859225447,0.063,-0.284,-1.006
1775859225467,0.050,-0.311,-0.968
1775859225486,0.042,-0.310,-0.845
1775859225506,-0.004,-0.263,-0.706
1775859225526,-0.019,-0.297,-0.574
1775859225546,-0.001,-0.333,-0.443
1775859225565,-0.018,-0.365,-0.488
1775859225585,0.017,-0.257,-0.663
1775859225605,0.061,-0.274,-0.794
1775859225625,0.053,-0.373,-0.928
1775859225644,0.052,-0.331,-1.074
1775859225664,0.069,-0.345,-1.132
1775859225684,0.061,-0.392,-1.028
1775859225704,0.036,-0.320,-0.928
1775859225723,0.030,-0.258,-1.006
1775859225743,0.046,-0.373,-0.972
1775859225763,-0.001,-0.358,-0.805
1775859225783,0.001,-0.220,-0.807
1775859225803,0.041,-0.313,-0.866
1775859225822,0.019,-0.403,-0.817
1775859225842,0.004,-0.261,-0.873
1775859225862,0.033,-0.207,-1.006
1775859225882,0.034,-0.358,-0.878
1775859225901,0.028,-0.441,-0.745
1775859225921,0.053,-0.280,-0.920
1775859225941,0.087,-0.193,-1.087
1775859225961,0.064,-0.333,-1.013
1775859225980,0.045,-0.343,-0.981
1775859226000,0.053,-0.293,-1.072
1775859226020,0.023,-0.319,-1.026
1775859226040,0.022,-0.347,-0.932
1775859226059,0.022,-0.385,-0.923
1775859226079,0.024,-0.322,-0.875
1775859226099,0.033,-0.280,-0.814
1775859226119,0.020,-0.293,-0.793
1775859226138,0.013,-0.271,-0.841
1775859226158,0.020,-0.317,-0.862
1775859226178,-0.002,-0.363,-0.796
1775859226198,-0.015,-0.278,-0.780
1775859226218,0.012,-0.204,-0.867
1775859226237,0.023,-0.354,-0.952
1775859226257,0.006,-0.441,-0.919
1775859226277,0.012,-0.321,-0.856
1775859226297,0.064,-0.229,-0.834
1775859226316,0.070,-0.283,-0.894
1775859226336,0.057,-0.300,-0.979
1775859226356,0.043,-0.195,-0.964
1775859226376,0.038,-0.263,-0.973
1775859226395,0.007,-0.354,-0.877
1775859226415,0.019,-0.292,-0.865
1775859226435,0.029,-0.247,-1.067
1775859226455,0.035,-0.213,-1.176
1775859226474,0.029,-0.357,-1.151
1775859226494,0.038,-0.500,-1.033
1775859226514,0.108,-0.382,-0.949
1775859226534,0.164,-0.302,-0.979
1775859226554,0.168,-0.277,-0.893
1775859226573,0.191,-0.228,-0.812
1775859226593,0.150,-0.136,-0.924
1775859226613,0.107,-0.082,-0.950
1775859226633,0.040,-0.151,-0.807
1775859226652,-0.008,-0.260,-0.774
1775859226672,-0.013,-0.359,-0.874
1775859226692,0.019,-0.204,-0.960
1775859226712,0.016,-0.207,-1.255
1775859226731,-0.008,-0.373,-1.428
1775859226751,0.013,-0.464,-1.187
1775859226771,0.026,-0.417,-1.061
1775859226791,0.032,-0.377,-0.908
1775859226811,0.055,-0.244,-0.660
1775859226830,0.112,-0.081,-0.578
1775859226850,0.134,-0.167,-0.813
1775859226870,0.127,-0.328,-0.931
1775859226890,0.166,-0.190,-0.892
1775859226909,0.148,-0.200,-1.232
1775859226929,0.148,-0.365,-1.536
1775859226949,0.148,-0.376,-1.282
1775859226969,0.101,-0.375,-0.961
1775859226988,0.065,-0.327,-0.738
1775859227008,0.071,-0.185,-0.489
1775859227028,0.098,-0.135,-0.322
1775859227048,0.080,-0.179,-0.655
1775859227067,0.071,-0.152,-0.998
1775859227087,0.043,-0.075,-0.894
1775859227107,0.061,-0.266,-1.018
1775859227127,0.037,-0.372,-1.150
1775859227147,-0.010,-0.333,-1.097
1775859227166,0.002,-0.431,-1.051
1775859227186,0.056,-0.433,-0.939
1775859227206,0.067,-0.296,-0.877
1775859227226,0.105,-0.179,-1.070
1775859227245,0.133,-0.282,-1.145
1775859227265,0.154,-0.354,-1.192
1775859227285,0.142,-0.136,-1.218
1775859227305,0.062,-0.156,-1.188
1775859227324,0.005,-0.293,-1.199
1775859227344,0.007,-0.333,-1.121
1775859227364,-0.023,-0.290,-1.000
1775859227384,0.016,-0.184,-1.042
1775859227403,0.082,-0.330,-1.162
1775859227423,0.133,-0.349,-1.114
1775859227443,0.103,-0.098,-1.194
1775859227463,0.116,-0.099,-1.364
1775859227482,0.051,-0.309,-1.175
1775859227502,0.035,-0.296,-0.961
1775859227522,0.082,-0.231,-1.006
1775859227542,0.053,-0.219,-0.988
1775859227562,0.027,-0.206,-0.846
1775859227581,0.048,-0.258,-0.761
1775859227601,0.069,-0.232,-0.677
1775859227621,0.074,-0.127,-0.745
1775859227641,0.138,-0.198,-0.939
1775859227660,0.160,-0.312,-0.972
1775859227680,0.127,-0.178,-0.991
1775859227700,0.102,-0.257,-1.094
1775859227720,0.143,-0.377,-1.136
1775859227739,0.171,-0.259,-1.100
1775859227759,0.163,-0.213,-1.147
1775859227779,0.121,-0.177,-1.130
1775859227799,0.097,-0.233,-1.090
1775859227818,0.076,-0.304,-1.009
1775859227838,0.057,-0.197,-0.833
1775859227858,0.038,-0.073,-0.716
1775859227878,0.032,-0.094,-0.717
1775859227897,0.040,-0.186,-0.801
1775859227917,0.082,-0.186,-0.996
1775859227937,0.070,-0.244,-1.114
1775859227957,0.050,-0.251,-1.110
1775859227976,0.062,-0.234,-1.122
1775859227996,0.048,-0.337,-1.005
1775859228016,0.059,-0.281,-0.898
1775859228036,0.111,-0.172,-0.957
1775859228055,0.129,-0.233,-0.931
1775859228075,0.115,-0.225,-0.963
1775859228095,0.117,-0.151,-1.042
1775859228115,0.078,-0.201,-1.115
1775859228135,0.076,-0.271,-1.099
1775859228154,0.094,-0.335,-1.017
1775859228174,0.110,-0.183,-1.108
1775859228194,0.112,-0.144,-1.104
1775859228214,0.081,-0.236,-0.878
1775859228233,0.105,-0.263,-0.831
1775859228253,0.155,-0.235,-1.047
1775859228273,0.166,-0.129,-1.208
1775859228293,0.107,-0.202,-1.090
1775859228312,0.052,-0.235,-0.976
1775859228332,0.067,-0.261,-0.937
1775859228352,0.043,-0.257,-0.914
1775859228372,0.078,-0.167,-0.949
1775859228391,0.086,-0.217,-0.915
1775859228411,0.064,-0.245,-0.924
1775859228431,0.089,-0.245,-0.982
1775859228451,0.043,-0.238,-0.934
1775859228470,0.027,-0.196,-0.938
1775859228490,0.042,-0.269,-1.059
1775859228510,0.037,-0.321,-1.087
1775859228530,0.023,-0.251,-1.056
1775859228550,0.034,-0.231,-1.027
1775859228569,0.032,-0.284,-0.982
1775859228589,0.024,-0.286,-0.971
1775859228609,0.012,-0.231,-0.920
1775859228629,0.034,-0.182,-0.827
1775859228648,0.028,-0.286,-0.759
1775859228668,0.051,-0.222,-0.714
1775859228688,0.056,-0.170,-0.792
1775859228708,0.048,-0.289,-0.940
1775859228727,0.068,-0.266,-0.967
1775859228747,0.052,-0.275,-0.923
1775859228767,0.052,-0.283,-0.898
1775859228787,0.045,-0.272,-0.903
1775859228806,0.038,-0.241,-0.890
1775859228826,0.013,-0.237,-0.812
1775859228846,0.017,-0.290,-0.819
1775859228866,0.021,-0.331,-0.877
1775859228885,0.013,-0.320,-0.897
1775859228905,-0.008,-0.276,-0.906
1775859228925,0.032,-0.317,-0.878
1775859228945,0.020,-0.323,-0.845
1775859228965,0.009,-0.259,-0.926
1775859228984,0.020,-0.215,-0.982
1775859229004,0.017,-0.321,-0.918
1775859229024,0.035,-0.368,-0.941
1775859229044,0.034,-0.291,-1.025
1775859229063,0.043,-0.204,-0.992
1775859229083,0.051,-0.308,-0.843
1775859229103,0.047,-0.296,-0.794
1775859229123,0.060,-0.236,-0.888
1775859229142,0.038,-0.208,-0.817
1775859229162,0.008,-0.252,-0.711
1775859229182,0.030,-0.386,-0.612
1775859229202,0.055,-0.365,-0.510
1775859229221,0.063,-0.243,-0.714
1775859229241,0.061,-0.288,-0.992
1775859229261,0.042,-0.291,-1.017
1775859229281,0.015,-0.206,-1.088
1775859229300,-0.040,-0.187,-1.204
1775859229320,-0.079,-0.251,-1.195
1775859229340,-0.114,-0.336,-1.007
1775859229360,-0.125,-0.369,-0.917
1775859229380,-0.047,-0.402,-0.966
1775859229399,-0.025,-0.321,-0.833
1775859229419,0.025,-0.200,-0.786
1775859229439,0.069,-0.151,-1.088
1775859229459,0.034,-0.151,-1.326
1775859229478,-0.018,-0.246,-1.137
1775859229498,-0.049,-0.407,-0.928
1775859229518,-0.011,-0.414,-0.820
1775859229538,0.014,-0.144,-0.956
1775859229557,0.041,-0.140,-1.062
1775859229577,0.034,-0.264,-0.912
1775859229597,0.002,-0.139,-1.017
1775859229617,-0.044,-0.157,-1.134
1775859229636,-0.140,-0.160,-0.877
1775859229656,-0.139,-0.257,-0.710
1775859229676,-0.093,-0.417,-0.651
1775859229696,-0.050,-0.237,-0.704
1775859229715,-0.012,-0.052,-1.027
1775859229735,0.009,-0.099,-1.220
1775859229755,-0.015,-0.243,-1.061
1775859229775,0.007,-0.356,-0.970
1775859229794,0.055,-0.348,-0.962
1775859229814,0.124,-0.293,-0.949
1775859229834,0.140,-0.179,-1.143
1775859229854,0.102,-0.047,-1.243
1775859229874,0.013,-0.105,-1.092
1775859229893,-0.042,-0.273,-0.975
1775859229913,-0.051,-0.297,-0.864
1775859229933,-0.038,-0.204,-0.905
1775859229953,-0.040,-0.091,-1.120
1775859229972,-0.009,-0.143,-1.230
1775859229992,0.001,-0.280,-1.169
1775859230012,0.012,-0.182,-1.236
1775859230032,0.020,-0.133,-1.278
1775859230051,-0.005,-0.210,-1.210
1775859230071,-0.001,-0.141,-1.139
1775859230091,0.012,-0.154,-1.113
1775859230111,0.037,-0.234,-1.003
1775859230130,0.036,-0.141,-0.910
1775859230150,0.042,-0.104,-0.860
1775859230170,0.059,-0.148,-0.803
1775859230190,0.060,-0.096,-0.745
1775859230209,0.038,-0.075,-0.751
1775859230229,0.022,-0.152,-0.778
1775859230249,0.034,-0.239,-0.798
1775859230269,0.039,-0.181,-0.842
1775859230289,0.061,-0.126,-0.920
1775859230308,0.063,-0.190,-0.992
1775859230328,0.012,-0.255,-1.042
1775859230348,0.030,-0.249,-1.239
1775859230368,0.038,-0.294,-1.256
1775859230387,0.023,-0.236,-1.073
1775859230407,0.051,-0.193,-1.203
1775859230427,0.117,-0.216,-1.336
1775859230447,0.125,-0.329,-1.189
1775859230466,0.149,-0.242,-1.123
1775859230486,0.173,-0.239,-1.191
1775859230506,0.167,-0.254,-1.245
1775859230526,0.142,-0.215,-1.118
1775859230545,0.111,-0.239,-0.946
1775859230565,0.153,-0.152,-0.990
1775859230585,0.164,-0.196,-1.030
1775859230605,0.119,-0.207,-0.918
1775859230624,0.121,-0.138,-0.820
1775859230644,0.158,-0.237,-0.824
1775859230664,0.182,-0.262,-0.964
1775859230684,0.151,-0.176,-1.025
1775859230703,0.119,-0.198,-0.904
1775859230723,0.120,-0.267,-0.898
1775859230743,0.141,-0.223,-0.989
1775859230763,0.150,-0.170,-1.009
1775859230783,0.130,-0.202,-0.999
1775859230802,0.092,-0.185,-0.987
1775859230822,0.040,-0.156,-0.962
1775859230842,0.033,-0.164,-0.875
1775859230862,0.032,-0.148,-0.897
1775859230881,0.050,-0.184,-0.979
1775859230901,0.067,-0.210,-0.958
1775859230921,0.070,-0.235,-0.877
1775859230941,0.095,-0.177,-0.915
1775859230960,0.125,-0.169,-0.934
1775859230980,0.148,-0.186,-0.915
1775859231000,0.132,-0.135,-0.971
1775859231020,0.112,-0.168,-1.046
1775859231039,0.086,-0.222,-1.013
1775859231059,0.030,-0.091,-1.032
1775859231079,0.033,-0.125,-1.115
1775859231099,-0.010,-0.236,-1.056
1775859231119,-0.004,-0.284,-0.997
1775859231138,0.014,-0.328,-1.004
1775859231158,0.059,-0.249,-0.980
1775859231178,0.095,-0.102,-0.946
1775859231198,0.092,-0.119,-0.963
1775859231217,0.101,-0.182,-0.941
1775859231237,0.091,-0.159,-0.954
1775859231257,0.068,-0.172,-0.985
1775859231277,0.071,-0.203,-0.924
1775859231296,0.041,-0.225,-0.898
1775859231316,0.046,-0.103,-1.050
1775859231336,0.039,-0.204,-1.147
1775859231356,0.022,-0.274,-1.055
1775859231375,0.057,-0.216,-1.058
1775859231395,0.052,-0.179,-1.144
1775859231415,0.042,-0.179,-1.115
1775859231435,0.046,-0.266,-1.003
1775859231454,0.045,-0.243,-0.896
1775859231474,0.034,-0.222,-0.817
1775859231494,0.046,-0.232,-0.679
1775859231514,0.048,-0.151,-0.575
1775859231533,0.078,-0.116,-0.677
1775859231553,0.087,-0.238,-0.863
1775859231573,0.060,-0.246,-0.926
1775859231593,0.063,-0.184,-0.953
1775859231613,0.059,-0.178,-1.025
1775859231632,0.030,-0.297,-1.121
1775859231652,0.012,-0.212,-1.149
1775859231672,-0.019,-0.220,-1.129
1775859231692,-0.034,-0.352,-1.057
1775859231711,-0.039,-0.189,-1.012
1775859231731,-0.032,-0.159,-1.040
1775859231751,-0.016,-0.295,-0.998
1775859231771,-0.004,-0.289,-0.938
1775859231790,-0.016,-0.207,-0.942
1775859231810,0.015,-0.170,-0.863
1775859231830,0.052,-0.299,-0.713
1775859231850,0.053,-0.284,-0.643
1775859231869,0.066,-0.121,-0.751
1775859231889,0.091,-0.118,-0.880
1775859231909,0.083,-0.272,-0.908
1775859231929,0.069,-0.225,-0.950
1775859231948,0.075,-0.154,-1.075
1775859231968,0.056,-0.246,-1.122
1775859231988,0.047,-0.360,-1.078
1775859232008,0.046,-0.282,-1.074
1775859232047,0.041,-0.262,-1.049
1775859232067,0.042,-0.297,-1.025
1775859232087,0.046,-0.251,-1.012
1775859232106,0.033,-0.175,-0.948
1775859232126,0.046,-0.243,-0.936
1775859232146,0.047,-0.329,-0.975
1775859232166,0.066,-0.225,-0.960
1775859232185,0.062,-0.219,-0.926
1775859232205,0.051,-0.249,-0.835
1775859232225,0.049,-0.221,-0.769
1775859232245,0.047,-0.198,-0.789
1775859232265,0.040,-0.167,-0.856
1775859232284,0.031,-0.197,-0.903
1775859232304,0.024,-0.291,-0.924
1775859232324,0.006,-0.267,-0.871
1775859232344,-0.015,-0.238,-0.759
1775859232363,-0.015,-0.243,-0.615
1775859232383,-0.015,-0.175,-0.716
1775859232403,-0.009,-0.225,-1.010
1775859232423,0.002,-0.274,-1.004
1775859232442,-0.004,-0.326,-0.875
1775859232462,0.042,-0.350,-0.862
1775859232482,0.092,-0.158,-1.005
1775859232502,0.092,-0.222,-1.264
1775859232521,0.055,-0.253,-1.239
1775859232541,0.043,-0.246,-1.025
1775859232561,0.038,-0.244,-0.939
1775859232581,0.019,-0.251,-1.092
1775859232600,0.023,-0.248,-1.054
1775859232620,0.006,-0.188,-0.853
1775859232640,-0.014,-0.243,-0.831
1775859232660,-0.013,-0.112,-0.831
1775859232679,-0.007,-0.055,-0.809
1775859232699,0.019,-0.229,-0.911
1775859232719,0.021,-0.225,-1.077
1775859232739,0.072,-0.175,-1.245
1775859232759,0.068,-0.296,-1.114
1775859232778,0.059,-0.286,-0.947
1775859232798,0.126,-0.228,-1.039
1775859232818,0.141,-0.145,-0.932
1775859232838,0.138,-0.137,-0.789
1775859232857,0.142,-0.167,-0.794
1775859232877,0.170,-0.155,-0.880
1775859232897,0.212,-0.149,-1.061
1775859232917,0.183,-0.195,-1.134
1775859232936,0.151,-0.157,-1.062
1775859232956,0.160,-0.242,-1.208
1775859232976,0.166,-0.220,-1.263
1775859232996,0.138,-0.197,-1.157
1775859233015,0.076,-0.198,-1.034
1775859233035,0.051,-0.078,-0.899
1775859233055,0.059,-0.098,-0.909
1775859233075,0.086,-0.146,-1.138
1775859233095,0.056,-0.064,-1.285
1775859233114,-0.006,-0.134,-1.223
1775859233134,-0.015,-0.313,-1.088
1775859233154,0.036,-0.275,-0.998
1775859233174,0.055,-0.098,-0.945
1775859233193,0.058,-0.083,-0.839
1775859233213,0.075,-0.166,-0.750
1775859233233,0.100,-0.191,-0.842
1775859233253,0.129,-0.113,-0.998
1775859233272,0.135,-0.082,-1.069
1775859233292,0.145,-0.116,-1.224
1775859233312,0.146,-0.186,-1.401
1775859233332,0.109,-0.241,-1.358
1775859233351,0.084,-0.271,-1.182
1775859233371,0.084,-0.144,-1.072
1775859233391,0.069,-0.128,-1.010
1775859233411,0.055,-0.200,-0.881
1775859233431,0.067,-0.167,-0.756
1775859233450,0.101,-0.154,-0.808
1775859233470,0.103,-0.150,-0.875
1775859233490,0.079,-0.077,-0.932
1775859233510,0.084,-0.144,-1.002
1775859233529,0.063,-0.198,-1.052
1775859233549,0.046,-0.195,-1.092
1775859233569,0.049,-0.159,-1.106
1775859233589,0.042,-0.229,-1.104
1775859233608,0.036,-0.209,-1.130
1775859233628,0.043,-0.193,-1.135
1775859233648,0.040,-0.182,-1.102
1775859233668,0.042,-0.197,-1.128
1775859233688,0.077,-0.204,-1.113
1775859233707,0.064,-0.241,-1.037
1775859233727,0.067,-0.225,-0.928
1775859233747,0.074,-0.192,-0.752
1775859233767,0.058,-0.149,-0.593
1775859233786,0.051,-0.115,-0.562
1775859233806,0.064,-0.175,-0.711
1775859233826,0.084,-0.252,-0.893
1775859233846,0.102,-0.255,-1.036
1775859233865,0.092,-0.191,-1.167
1775859233885,0.086,-0.233,-1.275
1775859233905,0.059,-0.333,-1.244
1775859233925,0.055,-0.261,-1.218
1775859233944,0.047,-0.284,-1.217
1775859233964,0.038,-0.283,-1.116
1775859233984,0.028,-0.238,-0.998
1775859234004,0.045,-0.253,-0.960
1775859234024,0.061,-0.252,-0.951
1775859234043,0.066,-0.255,-0.906
1775859234063,0.072,-0.264,-0.892
1775859234083,0.088,-0.200,-0.933
1775859234103,0.083,-0.256,-0.940
1775859234122,0.063,-0.233,-0.824
1775859234142,0.030,-0.282,-0.718
1775859234162,0.046,-0.340,-0.659
1775859234182,0.103,-0.224,-0.699
1775859234201,0.110,-0.121,-0.873
1775859234221,0.090,-0.217,-0.997
1775859234241,0.047,-0.294,-0.975
1775859234261,0.041,-0.346,-1.045
1775859234281,0.046,-0.376,-1.054
1775859234300,0.033,-0.284,-0.979
1775859234320,0.042,-0.291,-0.951
1775859234340,0.045,-0.340,-0.955
1775859234360,0.019,-0.231,-0.941
1775859234379,0.020,-0.233,-0.964
1775859234399,0.018,-0.322,-1.020
1775859234419,0.035,-0.344,-1.021
1775859234439,0.012,-0.315,-1.022
1775859234458,-0.011,-0.213,-1.101
1775859234478,-0.007,-0.246,-1.175
1775859234498,-0.020,-0.389,-1.062
1775859234518,-0.010,-0.374,-0.971
1775859234537,0.038,-0.321,-0.882
1775859234557,0.055,-0.330,-0.715
1775859234577,0.050,-0.256,-0.601
1775859234597,0.073,-0.263,-0.494
1775859234617,0.031,-0.279,-0.376
1775859234636,0.010,-0.199,-0.592
1775859234656,0.032,-0.306,-1.011
1775859234676,0.018,-0.413,-1.036
1775859234696,0.004,-0.430,-0.927
1775859234715,0.007,-0.407,-1.140
1775859234735,0.037,-0.313,-1.264
1775859234755,0.029,-0.392,-1.147
1775859234775,0.013,-0.425,-0.990
1775859234794,0.029,-0.312,-0.897
1775859234814,0.043,-0.247,-0.897
1775859234834,0.045,-0.302,-0.943
1775859234854,0.022,-0.328,-0.899
1775859234873,0.013,-0.311,-0.807
1775859234893,0.010,-0.315,-0.711
1775859234913,0.014,-0.345,-0.662
1775859234933,0.022,-0.310,-0.681
1775859234953,0.056,-0.253,-0.761
1775859234972,0.103,-0.293,-0.925
1775859234992,0.110,-0.279,-0.974
1775859235012,0.082,-0.237,-0.965
1775859235032,0.085,-0.268,-1.018
1775859235051,0.076,-0.356,-1.037
1775859235071,0.041,-0.337,-1.014
1775859235091,0.028,-0.307,-1.041
1775859235111,0.019,-0.372,-1.030
1775859235130,0.031,-0.425,-0.929
1775859235150,0.013,-0.312,-0.901
1775859235170,0.047,-0.232,-0.947
1775859235190,0.045,-0.332,-0.901
1775859235209,0.059,-0.317,-0.778
1775859235229,0.074,-0.234,-0.748
1775859235249,0.102,-0.241,-0.839
1775859235269,0.094,-0.300,-0.922
1775859235289,0.082,-0.263,-0.936
1775859235308,0.086,-0.247,-1.041
1775859235328,0.089,-0.254,-1.208
1775859235348,0.066,-0.307,-1.247
1775859235368,0.029,-0.316,-1.132
1775859235387,0.019,-0.266,-1.086
1775859235407,0.025,-0.285,-1.081
1775859235427,0.010,-0.283,-1.087
1775859235447,0.012,-0.282,-1.004
1775859235466,0.026,-0.278,-0.903
1775859235486,0.033,-0.275,-0.761
1775859235506,0.017,-0.253,-0.636
1775859235526,0.035,-0.222,-0.612
1775859235546,0.060,-0.272,-0.631
1775859235565,0.065,-0.210,-0.686
1775859235585,0.050,-0.149,-0.775
1775859235605,0.052,-0.173,-0.869
1775859235625,0.054,-0.234,-0.990
1775859235644,0.010,-0.319,-1.136
1775859235664,0.025,-0.248,-1.123
1775859235684,0.035,-0.378,-1.139
1775859235704,0.023,-0.447,-1.169
1775859235723,0.068,-0.291,-1.136
1775859235743,0.075,-0.233,-1.091
1775859235763,0.098,-0.190,-1.103
1775859235783,0.070,-0.169,-1.147
1775859235802,0.026,-0.125,-1.124
1775859235822,0.011,-0.271,-1.061
1775859235842,0.022,-0.257,-1.090
1775859235862,0.047,-0.144,-1.144
1775859235882,0.026,-0.145,-1.064
1775859235901,-0.001,-0.269,-0.899
1775859235921,-0.001,-0.227,-0.828
1775859235941,0.044,-0.128,-0.921
1775859235961,0.061,-0.184,-0.980
1775859235980,0.070,-0.247,-0.937
1775859236000,0.091,-0.176,-1.001
1775859236020,0.102,-0.161,-1.052
1775859236040,0.054,-0.199,-0.942
1775859236059,0.012,-0.215,-0.821
1775859236079,0.010,-0.255,-0.761
1775859236099,0.031,-0.250,-0.724
1775859236119,0.058,-0.182,-0.785
1775859236138,0.103,-0.201,-0.906
1775859236158,0.133,-0.284,-1.051
1775859236178,0.145,-0.164,-1.215
1775859236198,0.139,-0.167,-1.256
1775859236218,0.087,-0.237,-1.100
1775859236237,0.067,-0.242,-1.014
1775859236257,0.046,-0.136,-1.027
1775859236277,0.039,-0.161,-1.031
1775859236297,-0.006,-0.231,-0.935
1775859236316,0.015,-0.198,-0.972
1775859236336,0.035,-0.114,-1.048
1775859236356,0.024,-0.156,-1.069
1775859236376,0.022,-0.208,-1.166
1775859236395,0.029,-0.212,-1.239
1775859236415,0.024,-0.208,-1.165
1775859236435,0.040,-0.186,-1.041
1775859236455,0.050,-0.165,-0.944
1775859236475,0.044,-0.131,-0.932
1775859236494,0.033,-0.172,-0.927
1775859236514,0.036,-0.194,-0.869
1775859236534,0.070,-0.193,-0.842
1775859236554,0.076,-0.167,-0.862
1775859236573,0.082,-0.167,-0.966
1775859236593,0.081,-0.233,-1.107
1775859236613,0.075,-0.257,-1.128
1775859236633,0.038,-0.226,-1.076
1775859236652,0.058,-0.320,-1.087
1775859236672,0.069,-0.387,-1.132
1775859236692,0.087,-0.285,-1.269
1775859236712,0.070,-0.276,-1.243
1775859236731,0.043,-0.312,-1.071
1775859236751,0.020,-0.349,-1.022
1775859236771,0.045,-0.324,-1.077
1775859236791,0.047,-0.316,-0.961
1775859236811,0.010,-0.260,-0.774
1775859236830,0.009,-0.349,-0.834
1775859236850,0.055,-0.343,-0.981
1775859236870,0.062,-0.308,-0.975
1775859236890,0.037,-0.315,-0.971
1775859236909,0.047,-0.394,-1.012
1775859236929,0.024,-0.309,-1.130
1775859236949,0.005,-0.397,-1.117
1775859236969,-0.036,-0.474,-1.020
1775859236988,-0.005,-0.480,-1.084
1775859237008,0.045,-0.431,-1.082
1775859237028,0.017,-0.375,-0.899
1775859237048,0.067,-0.414,-1.005
1775859237067,0.086,-0.392,-1.028
1775859237087,0.059,-0.371,-0.895
1775859237107,0.031,-0.442,-0.916
1775859237127,0.013,-0.471,-0.902
1775859237147,0.067,-0.421,-0.794
1775859237166,-0.014,-0.410,-0.762
1775859237186,-0.003,-0.497,-0.755
1775859237206,0.006,-0.528,-0.823
1775859237226,0.027,-0.474,-0.833
1775859237245,-0.024,-0.525,-0.738
1775859237265,-0.018,-0.536,-0.853
1775859237285,-0.014,-0.598,-0.951
1775859237305,-0.018,-0.606,-0.777
1775859237324,-0.035,-0.597,-0.836
1775859237344,-0.016,-0.660,-1.032
1775859237364,-0.015,-0.697,-0.987
1775859237384,-0.035,-0.599,-0.857
1775859237403,-0.038,-0.658,-0.808
1775859237423,-0.045,-0.641,-0.712
1775859237443,-0.015,-0.607,-0.683
1775859237463,0.003,-0.618,-0.770
1775859237483,-0.054,-0.762,-0.709
1775859237502,-0.057,-0.728,-0.618
1775859237522,-0.031,-0.636,-0.764
1775859237542,-0.031,-0.676,-0.803
1775859237562,-0.040,-0.630,-0.607
1775859237581,-0.108,-0.535,-0.453
1775859237601,-0.098,-0.578,-0.404
1775859237621,-0.116,-0.709,-0.313
1775859237641,-0.075,-0.674,-0.176
1775859237660,-0.031,-0.591,-0.202
1775859237680,-0.070,-0.692,-0.230
1775859237700,-0.035,-0.668,-0.286
1775859237720,-0.013,-0.773,-0.386
1775859237739,-0.050,-0.767,-0.394
1775859237759,-0.135,-0.866,-0.382
1775859237779,-0.090,-0.774,-0.495
1775859237799,-0.080,-0.839,-0.681
1775859237818,-0.134,-0.908,-0.651
1775859237838,-0.158,-0.943,-0.488
1775859237858,-0.122,-0.833,-0.442
1775859237878,-0.096,-0.780,-0.423
1775859237897,-0.111,-0.836,-0.336
1775859237917,-0.101,-0.807,-0.257
1775859237937,-0.119,-0.774,-0.239
1775859237957,-0.136,-0.767,-0.286
1775859237977,-0.132,-0.634,-0.379
1775859237996,-0.071,-0.577,-0.569
1775859238016,-0.071,-0.568,-0.714
1775859238036,-0.091,-0.553,-0.701
1775859238056,-0.150,-0.574,-0.678
1775859238075,-0.114,-0.564,-0.822
1775859238095,-0.083,-0.473,-0.924
1775859238115,-0.095,-0.330,-0.887
1775859238135,-0.134,-0.379,-0.921
1775859238154,-0.115,-0.337,-0.917
1775859238174,-0.116,-0.359,-0.917
1775859238194,-0.149,-0.327,-0.968
1775859238214,-0.159,-0.285,-1.022
1775859238233,-0.145,-0.312,-0.982
1775859238253,-0.106,-0.211,-0.935
1775859238273,-0.111,-0.184,-1.025
1775859238293,-0.134,-0.184,-1.086
1775859238313,-0.130,-0.204,-0.966
1775859238332,-0.138,-0.146,-0.879
1775859238352,-0.105,-0.067,-0.941
1775859238372,-0.136,-0.181,-0.999
1775859238392,-0.156,-0.179,-0.977
1775859238411,-0.119,-0.070,-1.027
1775859238431,-0.137,-0.068,-1.041
1775859238451,-0.159,-0.063,-1.135
1775859238471,-0.152,-0.046,-1.306
1775859238490,-0.157,-0.129,-1.275
1775859238510,-0.166,-0.177,-1.030
1775859238530,-0.138,-0.128,-1.035
1775859238550,-0.090,-0.042,-1.205
1775859238570,-0.104,-0.141,-1.224
1775859238589,-0.097,-0.205,-1.174
1775859238609,-0.071,-0.059,-1.185
1775859238629,-0.065,0.025,-1.168
1775859238649,-0.065,-0.189,-1.025
1775859238668,-0.103,-0.270,-0.976
1775859238688,-0.077,-0.217,-1.038
1775859238708,-0.074,-0.302,-0.951
1775859238728,-0.044,-0.290,-0.882
1775859238747,-0.041,-0.215,-0.960
1775859238767,-0.056,-0.088,-1.045
1775859238787,-0.098,-0.030,-1.017
1775859238807,-0.161,-0.183,-0.963
1775859238826,-0.159,-0.273,-0.910
1775859238846,-0.153,-0.189,-0.929
1775859238866,-0.137,-0.027,-1.027
1775859238886,-0.146,-0.216,-0.978
1775859238905,-0.113,-0.344,-0.946
1775859238925,-0.043,-0.048,-1.144
1775859238945,-0.026,0.020,-1.175
1775859238965,-0.057,-0.120,-0.969
1775859238985,-0.077,-0.247,-0.920
1775859239004,-0.040,0.005,-1.151
1775859239024,-0.078,-0.080,-1.120
1775859239044,-0.083,-0.351,-0.936
1775859239064,-0.015,-0.249,-0.956
1775859239083,0.014,-0.113,-1.068
1775859239103,0.012,-0.144,-1.037
1775859239123,-0.013,-0.327,-0.964
1775859239143,0.062,-0.305,-1.014
1775859239162,0.074,-0.167,-0.992
1775859239182,0.060,-0.219,-0.992
1775859239202,0.063,-0.309,-1.008
1775859239222,0.050,-0.276,-0.851
1775859239241,0.005,-0.032,-0.750
1775859239261,0.012,0.067,-0.913
1775859239281,0.033,0.024,-1.076
1775859239301,0.024,-0.034,-0.936
1775859239321,0.064,0.000,-0.953
1775859239340,0.096,0.049,-1.160
1775859239360,0.075,-0.001,-0.991
1775859239380,0.074,-0.086,-0.880
1775859239400,0.097,-0.071,-1.063
1775859239419,0.139,0.021,-1.174
1775859239439,0.136,0.022,-1.139
1775859239459,0.123,-0.090,-1.194
1775859239479,0.123,-0.091,-1.173
1775859239498,0.118,-0.038,-1.124
1775859239518,0.131,-0.206,-1.148
1775859239538,0.145,-0.233,-1.228
1775859239558,0.112,-0.194,-1.250
1775859239577,0.079,-0.205,-1.298
1775859239597,0.016,-0.366,-1.246
1775859239617,-0.002,-0.492,-1.212
1775859239637,0.002,-0.551,-1.182
1775859239657,0.027,-0.540,-1.178
1775859239676,0.052,-0.438,-1.270
1775859239696,0.059,-0.395,-1.317
1775859239716,-0.013,-0.531,-1.235
1775859239736,-0.023,-0.574,-1.199
1775859239755,-0.042,-0.541,-1.190
1775859239775,-0.039,-0.514,-1.154
1775859239795,-0.023,-0.531,-1.171
1775859239815,-0.010,-0.528,-1.145
1775859239834,-0.025,-0.342,-1.097
1775859239854,-0.045,-0.280,-1.149
1775859239874,-0.093,-0.401,-1.135
1775859239894,-0.120,-0.369,-1.113
1775859239913,-0.105,-0.264,-1.187
1775859239933,-0.124,-0.284,-1.173
1775859239953,-0.140,-0.193,-1.133
1775859239973,-0.167,-0.232,-1.111
1775859239993,-0.187,-0.280,-1.090
1775859240012,-0.200,-0.227,-1.079
1775859240032,-0.205,-0.321,-1.044
1775859240052,-0.206,-0.338,-0.962
1775859240072,-0.196,-0.229,-0.932
1775859240091,-0.196,-0.336,-0.931
1775859240111,-0.175,-0.314,-0.875
1775859240131,-0.155,-0.249,-0.811
1775859240151,-0.175,-0.340,-0.812
1775859240170,-0.152,-0.311,-0.806
1775859240190,-0.143,-0.299,-0.777
1775859240210,-0.139,-0.342,-0.784
1775859240230,-0.103,-0.379,-0.792
1775859240249,-0.089,-0.314,-0.736
1775859240269,-0.076,-0.343,-0.706
1775859240289,-0.075,-0.364,-0.622
1775859240309,-0.081,-0.361,-0.584
1775859240328,-0.073,-0.389,-0.631
1775859240348,-0.084,-0.384,-0.608
1775859240368,-0.086,-0.387,-0.540
1775859240388,-0.093,-0.424,-0.529
1775859240408,-0.105,-0.411,-0.592
1775859240427,-0.115,-0.411,-0.608
1775859240447,-0.128,-0.457,-0.584
1775859240467,-0.154,-0.449,-0.561
1775859240487,-0.183,-0.533,-0.596
1775859240506,-0.229,-0.599,-0.590
1775859240526,-0.251,-0.595,-0.549
1775859240546,-0.270,-0.589,-0.563
1775859240566,-0.277,-0.691,-0.611
1775859240585,-0.289,-0.763,-0.566
1775859240605,-0.282,-0.804,-0.558
1775859240625,-0.220,-0.749,-0.616
1775859240645,-0.165,-0.711,-0.638
1775859240664,-0.095,-0.675,-0.637
1775859240684,-0.055,-0.648,-0.708
1775859240704,-0.024,-0.734,-0.689
1775859240724,0.006,-0.764,-0.549
