absolute_timestamp,gyro_x,gyro_y,gyro_z
1775859184056,-0.011,-0.002,-0.009
1775859184076,-0.011,-0.006,-0.010
1775859184096,-0.010,-0.004,-0.009
1775859184115,-0.008,0.000,-0.003
1775859184135,-0.005,-0.001,0.000
1775859184155,-0.003,-0.005,0.002
1775859184175,0.000,-0.008,0.001
1775859184194,-0.000,-0.010,0.003
1775859184214,-0.002,-0.007,0.005
1775859184234,-0.002,-0.003,0.005
1775859184254,0.000,-0.001,0.003
1775859184273,0.002,0.001,0.004
1775859184293,0.003,0.004,0.005
1775859184313,0.002,0.005,0.005
1775859184333,0.003,0.005,0.004
1775859184353,0.005,0.003,0.002
1775859184372,0.005,0.000,-0.000
1775859184392,0.003,0.000,-0.003
1775859184412,0.000,-0.000,-0.004
1775859184432,0.000,-0.003,-0.007
1775859184451,-0.000,-0.008,-0.009
1775859184471,-0.002,-0.011,-0.010
1775859184491,-0.004,-0.014,-0.012
1775859184511,-0.003,-0.018,-0.014
1775859184531,-0.003,-0.020,-0.012
1775859184550,-0.000,-0.019,-0.015
1775859184570,0.005,-0.025,-0.020
1775859184590,0.005,-0.024,-0.007
1775859184610,0.005,-0.016,-0.009
1775859184629,0.005,-0.017,-0.012
1775859184649,0.007,-0.020,-0.013
1775859184669,0.007,-0.020,-0.012
1775859184689,0.006,-0.018,-0.008
1775859184709,0.002,-0.018,-0.006
1775859184728,0.002,-0.019,-0.006
1775859184748,0.003,-0.021,-0.006
1775859184768,0.004,-0.021,-0.001
1775859184788,0.004,-0.017,0.000
1775859184807,0.004,-0.017,0.002
1775859184827,0.005,-0.015,0.002
1775859184847,0.008,-0.014,0.004
1775859184867,0.009,-0.011,0.006
1775859184887,0.008,-0.009,0.006
1775859184906,0.007,-0.009,0.006
1775859184926,0.005,-0.008,0.007
1775859184946,0.004,-0.008,0.006
1775859184966,0.005,-0.009,0.006
1775859184985,0.008,-0.009,0.006
1775859185005,0.010,-0.008,0.005
1775859185025,0.013,-0.010,0.003
1775859185045,0.015,-0.015,-0.000
1775859185064,0.013,-0.021,-0.002
1775859185084,0.005,-0.026,-0.004
1775859185104,-0.002,-0.033,-0.010
1775859185124,-0.006,-0.044,-0.023
1775859185144,-0.011,-0.056,-0.020
1775859185163,-0.016,-0.056,-0.018
1775859185183,-0.019,-0.060,-0.025
1775859185203,-0.017,-0.069,-0.030
1775859185223,-0.012,-0.075,-0.030
1775859185242,-0.005,-0.074,-0.026
1775859185262,0.000,-0.072,-0.022
1775859185282,0.001,-0.070,-0.020
1775859185302,0.000,-0.065,-0.021
1775859185321,0.003,-0.063,-0.020
1775859185341,0.006,-0.057,-0.017
1775859185361,0.010,-0.050,-0.016
1775859185381,0.012,-0.045,-0.015
1775859185401,0.015,-0.039,-0.013
1775859185420,0.018,-0.034,-0.012
1775859185440,0.019,-0.032,-0.012
1775859185460,0.019,-0.033,-0.014
1775859185480,0.019,-0.034,-0.015
1775859185499,0.018,-0.035,-0.015
1775859185519,0.018,-0.033,-0.014
1775859185539,0.016,-0.031,-0.014
1775859185559,0.014,-0.028,-0.014
1775859185578,0.011,-0.025,-0.014
1775859185598,0.007,-0.022,-0.012
1775859185618,0.006,-0.020,-0.010
1775859185638,0.005,-0.019,-0.007
1775859185657,0.003,-0.019,-0.006
1775859185677,0.000,-0.019,-0.005
1775859185697,0.000,-0.021,-0.010
1775859185717,-0.004,-0.023,-0.004
1775859185737,-0.009,-0.019,0.000
1775859185756,-0.009,-0.018,-0.003
1775859185776,-0.007,-0.021,-0.005
1775859185796,-0.005,-0.020,-0.005
1775859185816,-0.002,-0.020,-0.002
1775859185835,-0.001,-0.022,-0.001
1775859185855,-0.001,-0.025,-0.000
1775859185875,-0.001,-0.026,0.000
1775859185895,-0.001,-0.027,0.003
1775859185914,-0.001,-0.023,0.006
1775859185934,-0.000,-0.022,0.006
1775859185954,0.001,-0.020,0.005
1775859185974,0.003,-0.018,0.005
1775859185994,0.007,-0.017,0.006
1775859186013,0.007,-0.017,0.007
1775859186033,0.005,-0.016,0.005
1775859186053,0.003,-0.016,0.004
1775859186073,0.002,-0.017,0.002
1775859186092,0.001,-0.017,0.000
1775859186112,0.000,-0.018,-0.001
1775859186132,0.000,-0.018,-0.002
1775859186152,0.000,-0.018,-0.004
1775859186172,0.000,-0.020,-0.005
1775859186191,-0.000,-0.021,-0.005
1775859186211,-0.002,-0.021,-0.005
1775859186231,-0.002,-0.025,-0.007
1775859186251,-0.003,-0.024,-0.005
1775859186270,-0.001,-0.023,-0.004
1775859186290,-0.000,-0.024,-0.010
1775859186310,-0.004,-0.024,0.001
1775859186330,-0.005,-0.019,0.004
1775859186349,-0.002,-0.020,0.001
1775859186369,-0.000,-0.021,-0.002
1775859186389,-0.001,-0.015,-0.001
1775859186409,0.001,-0.010,0.001
1775859186429,0.003,-0.008,0.000
1775859186448,0.001,-0.008,0.001
1775859186468,-0.001,-0.008,-0.001
1775859186488,-0.004,-0.011,-0.000
1775859186508,-0.006,-0.012,0.000
1775859186527,-0.006,-0.012,0.000
1775859186547,-0.002,-0.011,-0.000
1775859186567,-0.001,-0.010,-0.002
1775859186587,-0.000,-0.007,-0.001
1775859186606,-0.000,-0.006,-0.001
1775859186626,-0.002,-0.007,-0.002
1775859186646,-0.004,-0.008,-0.002
1775859186666,-0.004,-0.007,-0.002
1775859186686,-0.005,-0.008,-0.003
1775859186705,-0.005,-0.008,-0.003
1775859186725,-0.004,-0.008,-0.003
1775859186745,-0.002,-0.007,-0.002
1775859186765,-0.001,-0.006,-0.002
1775859186784,0.000,-0.007,-0.002
1775859186804,-0.000,-0.006,-0.002
1775859186824,-0.001,-0.007,-0.002
1775859186844,-0.002,-0.006,-0.002
1775859186864,-0.002,-0.007,-0.001
1775859186883,-0.002,-0.004,0.001
1775859186903,-0.002,-0.002,-0.005
1775859186923,-0.003,-0.003,0.001
1775859186943,-0.006,0.002,0.008
1775859186962,-0.005,0.004,0.004
1775859186982,-0.007,0.004,0.001
1775859187002,-0.008,0.005,-0.000
1775859187022,-0.007,0.006,0.002
1775859187041,-0.006,0.004,0.001
1775859187061,-0.002,-0.000,0.002
1775859187081,-0.001,-0.003,0.003
1775859187101,-0.001,-0.003,0.004
1775859187121,-0.001,0.000,0.007
1775859187140,0.000,0.003,0.008
1775859187160,0.002,0.006,0.006
1775859187200,0.002,0.008,0.005
1775859187219,0.000,0.005,0.003
1775859187239,-0.001,0.003,0.004
1775859187259,-0.002,0.000,0.003
1775859187279,-0.003,-0.001,0.002
1775859187299,-0.003,-0.002,0.001
1775859187318,-0.003,-0.002,0.000
1775859187338,-0.005,-0.001,-0.001
1775859187358,-0.006,-0.002,-0.003
1775859187378,-0.006,-0.004,-0.004
1775859187397,-0.006,-0.005,-0.004
1775859187417,-0.005,-0.006,-0.004
1775859187437,-0.005,-0.007,-0.004
1775859187457,-0.004,-0.008,-0.005
1775859187477,-0.004,-0.009,-0.005
1775859187496,-0.005,-0.009,-0.002
1775859187516,-0.004,-0.007,-0.000
1775859187536,-0.004,-0.006,-0.009
1775859187556,-0.007,-0.009,-0.003
1775859187575,-0.010,-0.005,0.000
1775859187595,-0.011,-0.005,-0.006
1775859187615,-0.011,-0.012,-0.014
1775859187635,-0.013,-0.016,-0.016
1775859187654,-0.013,-0.015,-0.014
1775859187674,-0.012,-0.019,-0.017
1775859187694,-0.010,-0.026,-0.017
1775859187714,-0.011,-0.031,-0.017
1775859187734,-0.012,-0.034,-0.015
1775859187753,-0.012,-0.037,-0.012
1775859187773,-0.012,-0.036,-0.012
1775859187793,-0.013,-0.034,-0.014
1775859187813,-0.014,-0.031,-0.013
1775859187832,-0.015,-0.026,-0.013
1775859187852,-0.014,-0.022,-0.015
1775859187872,-0.013,-0.016,-0.019
1775859187892,-0.013,-0.011,-0.020
1775859187911,-0.011,-0.006,-0.020
1775859187931,-0.010,-0.003,-0.021
1775859187951,-0.011,-0.002,-0.021
1775859187971,-0.012,-0.003,-0.022
1775859187991,-0.014,-0.003,-0.021
1775859188010,-0.012,-0.004,-0.020
1775859188030,-0.009,-0.004,-0.017
1775859188050,-0.006,-0.004,-0.014
1775859188070,-0.008,-0.002,-0.012
1775859188089,-0.010,-0.000,-0.011
1775859188109,-0.012,-0.000,-0.009
1775859188129,-0.014,0.001,-0.004
1775859188149,-0.017,0.003,-0.009
1775859188169,-0.021,0.003,-0.008
1775859188188,-0.027,0.010,0.000
1775859188208,-0.030,0.017,-0.006
1775859188228,-0.031,0.021,-0.010
1775859188248,-0.032,0.030,-0.009
1775859188267,-0.032,0.042,0.000
1775859188287,-0.032,0.050,0.005
1775859188307,-0.033,0.053,0.006
1775859188327,-0.037,0.062,0.008
1775859188346,-0.043,0.072,0.011
1775859188366,-0.046,0.084,0.015
1775859188386,-0.036,0.094,0.017
1775859188406,-0.016,0.096,0.021
1775859188426,0.003,0.095,0.020
1775859188445,0.013,0.091,0.017
1775859188465,0.019,0.084,0.013
1775859188485,0.022,0.079,0.009
1775859188505,0.025,0.074,0.008
1775859188524,0.030,0.064,0.009
1775859188544,0.037,0.054,0.008
1775859188564,0.043,0.041,0.006
1775859188584,0.038,0.028,0.001
1775859188603,0.023,0.020,-0.002
1775859188623,0.013,0.010,-0.004
1775859188643,0.004,-0.002,-0.007
1775859188663,-0.005,-0.012,-0.008
1775859188683,-0.011,-0.015,-0.006
1775859188702,-0.007,-0.018,-0.005
1775859188722,-0.002,-0.017,-0.003
1775859188742,-0.003,-0.012,-0.009
1775859188762,-0.005,-0.012,-0.015
1775859188781,-0.008,-0.013,-0.006
1775859188801,-0.008,-0.010,-0.004
1775859188821,-0.007,-0.010,-0.006
1775859188841,-0.001,-0.009,-0.008
1775859188860,0.005,-0.006,-0.007
1775859188880,0.008,-0.003,-0.004
1775859188900,0.010,0.000,0.000
1775859188920,0.011,0.004,0.002
1775859188939,0.011,0.007,0.001
1775859188959,0.010,0.011,0.006
1775859188979,0.011,0.018,0.013
1775859188999,0.015,0.019,0.010
1775859189019,0.015,0.015,0.006
1775859189038,0.011,0.015,0.006
1775859189058,0.010,0.015,0.008
1775859189078,0.010,0.012,0.003
1775859189098,0.007,0.012,0.004
1775859189117,0.006,0.016,0.005
1775859189137,0.004,0.019,0.005
1775859189157,0.004,0.022,0.008
1775859189177,0.009,0.024,0.010
1775859189197,0.013,0.019,0.008
1775859189216,0.013,0.014,0.006
1775859189236,0.012,0.010,0.004
1775859189256,0.010,0.005,0.002
1775859189276,0.009,0.005,0.000
1775859189295,0.006,0.006,-0.001
1775859189315,0.002,0.006,-0.001
1775859189335,0.000,0.005,0.002
1775859189355,-0.002,0.006,-0.003
1775859189374,-0.006,0.006,-0.008
1775859189394,-0.013,0.011,0.001
1775859189414,-0.017,0.020,0.003
1775859189434,-0.021,0.022,0.001
1775859189454,-0.025,0.024,-0.000
1775859189473,-0.031,0.029,0.001
1775859189493,-0.035,0.031,0.000
1775859189513,-0.038,0.024,-0.001
1775859189533,-0.041,0.024,-0.000
1775859189552,-0.050,0.030,-0.001
1775859189572,-0.060,0.037,-0.002
1775859189592,-0.072,0.048,-0.004
1775859189612,-0.086,0.059,-0.005
1775859189631,-0.107,0.065,-0.010
1775859189651,-0.116,0.068,-0.012
1775859189671,-0.107,0.066,-0.014
1775859189691,-0.091,0.065,-0.010
1775859189711,-0.077,0.069,-0.006
1775859189730,-0.071,0.073,-0.003
1775859189750,-0.068,0.080,-0.004
1775859189770,-0.069,0.080,-0.008
1775859189790,-0.077,0.077,-0.014
1775859189809,-0.084,0.073,-0.014
1775859189829,-0.078,0.070,-0.008
1775859189849,-0.061,0.066,-0.008
1775859189869,-0.051,0.059,-0.007
1775859189888,-0.046,0.057,-0.008
1775859189908,-0.040,0.056,-0.007
1775859189928,-0.036,0.057,-0.004
1775859189948,-0.037,0.054,-0.003
1775859189968,-0.032,0.050,-0.002
1775859189987,-0.033,0.042,-0.010
1775859190007,-0.039,0.037,-0.005
1775859190027,-0.049,0.043,0.008
1775859190047,-0.050,0.053,0.018
1775859190066,-0.051,0.057,0.019
1775859190086,-0.052,0.060,0.016
1775859190106,-0.052,0.064,0.017
1775859190126,-0.045,0.073,0.019
1775859190146,-0.040,0.072,0.018
1775859190165,-0.040,0.065,0.013
1775859190185,-0.043,0.060,0.010
1775859190205,-0.048,0.059,0.011
1775859190225,-0.047,0.059,0.018
1775859190244,-0.039,0.056,0.017
1775859190264,-0.027,0.047,0.017
1775859190284,-0.018,0.040,0.021
1775859190304,-0.019,0.040,0.024
1775859190324,-0.028,0.037,0.018
1775859190343,-0.036,0.031,0.015
1775859190363,-0.037,0.026,0.014
1775859190383,-0.032,0.024,0.019
1775859190403,-0.029,0.025,0.019
1775859190422,-0.026,0.025,0.017
1775859190442,-0.021,0.024,0.017
1775859190462,-0.015,0.027,0.022
1775859190482,-0.012,0.037,0.022
1775859190501,-0.015,0.043,0.016
1775859190521,-0.018,0.041,0.012
1775859190541,-0.017,0.038,0.011
1775859190561,-0.017,0.033,0.008
1775859190581,-0.017,0.028,0.003
1775859190600,-0.010,0.023,-0.005
1775859190620,-0.004,0.012,-0.015
1775859190640,0.002,0.000,-0.012
1775859190660,0.006,0.000,-0.002
1775859190679,0.006,0.009,0.000
1775859190699,-0.001,0.010,-0.001
1775859190719,-0.011,0.010,-0.000
1775859190739,-0.013,0.014,-0.003
1775859190759,-0.010,0.010,-0.007
1775859190778,-0.004,0.006,-0.008
1775859190798,-0.001,0.006,-0.011
1775859190818,-0.002,0.007,-0.013
1775859190838,-0.005,0.008,-0.010
1775859190857,-0.002,0.013,-0.002
1775859190877,0.008,0.017,-0.000
1775859190897,0.014,0.017,-0.002
1775859190917,0.015,0.019,-0.001
1775859190936,0.009,0.012,-0.018
1775859190956,-0.008,-0.010,-0.024
1775859190976,-0.012,-0.019,-0.007
1775859190996,0.001,-0.013,0.001
1775859191016,0.007,-0.014,0.000
1775859191035,0.008,-0.012,0.003
1775859191055,0.007,-0.006,-0.001
1775859191075,0.002,-0.005,-0.011
1775859191095,-0.001,-0.006,-0.016
1775859191114,0.000,-0.003,-0.017
1775859191134,0.003,-0.001,-0.023
1775859191154,0.010,-0.009,-0.031
1775859191174,0.013,-0.020,-0.024
1775859191193,0.021,-0.022,-0.017
1775859191213,0.027,-0.037,-0.025
1775859191233,0.023,-0.064,-0.036
1775859191253,0.017,-0.077,-0.028
1775859191272,0.016,-0.067,-0.022
1775859191292,0.014,-0.059,-0.028
1775859191312,0.012,-0.059,-0.033
1775859191332,0.014,-0.051,-0.038
1775859191352,0.016,-0.042,-0.040
1775859191371,0.017,-0.041,-0.043
1775859191391,0.014,-0.042,-0.045
1775859191411,0.007,-0.047,-0.042
1775859191431,0.002,-0.050,-0.035
1775859191450,0.001,-0.053,-0.029
1775859191470,0.004,-0.061,-0.027
1775859191490,0.005,-0.073,-0.032
1775859191510,0.008,-0.076,-0.032
1775859191530,0.013,-0.073,-0.028
1775859191549,0.019,-0.073,-0.026
1775859191569,0.022,-0.075,-0.028
1775859191589,0.024,-0.075,-0.030
1775859191609,0.029,-0.073,-0.031
1775859191628,0.035,-0.073,-0.033
1775859191648,0.039,-0.074,-0.039
1775859191668,0.039,-0.083,-0.049
1775859191688,0.040,-0.099,-0.052
1775859191707,0.052,-0.118,-0.052
1775859191727,0.063,-0.143,-0.061
1775859191747,0.063,-0.170,-0.080
1775859191767,0.063,-0.190,-0.091
1775859191787,0.070,-0.199,-0.089
1775859191806,0.081,-0.203,-0.087
1775859191826,0.081,-0.203,-0.080
1775859191846,0.073,-0.192,-0.065
1775859191866,0.068,-0.179,-0.061
1775859191885,0.066,-0.175,-0.064
1775859191905,0.069,-0.165,-0.062
1775859191925,0.073,-0.149,-0.053
1775859191945,0.075,-0.130,-0.042
1775859191964,0.073,-0.113,-0.037
1775859191984,0.071,-0.099,-0.038
1775859192004,0.069,-0.091,-0.042
1775859192024,0.071,-0.087,-0.042
1775859192044,0.070,-0.082,-0.037
1775859192063,0.068,-0.082,-0.038
1775859192083,0.070,-0.091,-0.044
1775859192103,0.072,-0.095,-0.045
1775859192123,0.073,-0.097,-0.042
1775859192142,0.072,-0.095,-0.037
1775859192162,0.070,-0.091,-0.033
1775859192182,0.069,-0.089,-0.032
1775859192202,0.064,-0.087,-0.030
1775859192222,0.055,-0.081,-0.030
1775859192241,0.043,-0.075,-0.029
1775859192261,0.038,-0.068,-0.027
1775859192281,0.040,-0.067,-0.022
1775859192301,0.036,-0.066,-0.021
1775859192320,0.027,-0.063,-0.021
1775859192340,0.021,-0.057,-0.019
1775859192360,0.020,-0.054,-0.017
1775859192380,0.021,-0.054,-0.016
1775859192400,0.019,-0.053,-0.020
1775859192419,0.014,-0.053,-0.014
1775859192439,0.008,-0.047,-0.004
1775859192459,0.008,-0.042,-0.004
1775859192479,0.009,-0.040,-0.007
1775859192498,0.009,-0.040,-0.012
1775859192518,0.008,-0.038,-0.013
1775859192538,0.006,-0.039,-0.014
1775859192558,0.005,-0.042,-0.017
1775859192577,0.004,-0.045,-0.017
1775859192597,0.005,-0.046,-0.018
1775859192617,0.007,-0.045,-0.014
1775859192637,0.008,-0.042,-0.012
1775859192657,0.007,-0.042,-0.012
1775859192676,0.004,-0.042,-0.015
1775859192696,0.002,-0.040,-0.013
1775859192716,0.006,-0.040,-0.012
1775859192736,0.007,-0.041,-0.014
1775859192755,0.007,-0.046,-0.019
1775859192775,0.007,-0.049,-0.019
1775859192795,0.005,-0.053,-0.021
1775859192815,-0.000,-0.060,-0.020
1775859192834,-0.006,-0.064,-0.018
1775859192854,-0.013,-0.064,-0.018
1775859192874,-0.024,-0.063,-0.015
1775859192894,-0.032,-0.056,-0.014
1775859192914,-0.033,-0.051,-0.018
1775859192933,-0.028,-0.052,-0.020
1775859192953,-0.024,-0.051,-0.019
1775859192973,-0.021,-0.046,-0.019
1775859192993,-0.020,-0.039,-0.019
1775859193012,-0.013,-0.033,-0.023
1775859193032,-0.009,-0.032,-0.030
1775859193052,-0.006,-0.026,-0.021
1775859193072,-0.001,-0.018,-0.013
1775859193091,0.002,-0.013,-0.012
1775859193111,0.002,-0.010,-0.016
1775859193131,-0.001,-0.010,-0.018
1775859193151,-0.004,-0.010,-0.014
1775859193171,-0.004,-0.017,-0.015
1775859193190,-0.004,-0.023,-0.015
1775859193210,-0.006,-0.025,-0.015
1775859193230,-0.005,-0.024,-0.012
1775859193250,-0.005,-0.023,-0.009
1775859193269,-0.005,-0.018,-0.008
1775859193289,-0.008,-0.014,-0.009
1775859193309,-0.010,-0.012,-0.009
1775859193329,-0.008,-0.010,-0.008
1775859193348,-0.004,-0.010,-0.006
1775859193368,-0.004,-0.008,-0.005
1775859193388,-0.003,-0.007,-0.006
1775859193408,-0.003,-0.009,-0.007
1775859193428,-0.001,-0.009,-0.005
1775859193447,-0.001,-0.010,-0.003
1775859193467,-0.004,-0.010,-0.004
1775859193487,-0.005,-0.009,-0.005
1775859193507,-0.007,-0.008,-0.004
1775859193526,-0.007,-0.004,-0.004
1775859193546,-0.007,-0.005,-0.005
1775859193566,-0.007,-0.011,-0.005
1775859193586,-0.005,-0.013,-0.004
1775859193606,-0.004,-0.012,-0.003
1775859193625,-0.002,-0.010,-0.004
1775859193645,-0.001,-0.003,-0.003
1775859193665,0.002,0.002,-0.005
1775859193685,0.002,0.004,-0.010
1775859193704,0.002,0.003,-0.005
1775859193724,0.001,0.004,0.004
1775859193744,0.000,0.005,0.000
1775859193764,0.000,0.001,-0.005
1775859193783,0.002,0.001,-0.005
1775859193803,0.004,0.005,-0.001
1775859193823,0.000,0.005,-0.001
1775859193843,-0.005,0.001,-0.004
1775859193863,-0.006,-0.001,-0.004
1775859193882,-0.005,-0.002,-0.004
1775859193902,-0.004,-0.001,0.000
1775859193922,-0.005,0.002,0.001
1775859193942,-0.004,0.003,-0.001
1775859193961,-0.003,0.003,-0.002
1775859193981,0.000,0.003,0.000
1775859194001,0.002,0.000,0.003
1775859194021,0.002,0.000,0.002
1775859194040,0.001,0.000,0.000
1775859194060,0.003,0.000,0.000
1775859194080,0.004,0.002,0.000
1775859194100,0.005,0.002,-0.000
1775859194120,0.009,0.000,-0.000
1775859194139,0.011,0.000,0.001
1775859194159,0.012,0.000,0.002
1775859194179,0.011,0.000,0.002
1775859194199,0.010,0.001,0.004
1775859194218,0.011,0.005,0.005
1775859194238,0.011,0.006,0.006
1775859194258,0.008,0.008,0.007
1775859194278,0.007,0.008,0.006
1775859194298,0.007,0.006,0.008
1775859194317,0.007,0.005,0.008
1775859194337,0.007,0.005,0.005
1775859194357,0.008,0.003,0.009
1775859194377,0.007,0.008,0.018
1775859194396,0.002,0.014,0.014
1775859194416,0.001,0.013,0.008
1775859194436,0.000,0.011,0.005
1775859194456,0.002,0.011,0.008
1775859194475,0.000,0.009,0.008
1775859194495,-0.002,0.007,0.006
1775859194515,-0.002,0.004,0.005
1775859194535,-0.003,0.002,0.004
1775859194555,-0.002,0.002,0.008
1775859194574,-0.001,0.004,0.008
1775859194594,-0.000,0.004,0.007
1775859194614,-0.001,0.005,0.005
1775859194634,-0.002,0.005,0.004
1775859194653,-0.001,0.005,0.005
1775859194673,-0.000,0.004,0.004
1775859194693,0.000,0.003,0.003
1775859194713,0.000,0.002,0.004
1775859194732,0.000,0.003,0.003
1775859194752,0.001,0.003,0.001
1775859194772,0.002,0.001,0.001
1775859194792,0.002,-0.000,0.001
1775859194812,0.001,-0.000,0.000
1775859194831,0.000,-0.001,-0.000
1775859194851,0.000,0.000,-0.001
1775859194871,0.001,0.001,-0.000
1775859194891,0.002,0.001,0.000
1775859194910,0.002,0.001,0.000
1775859194930,0.001,0.000,0.000
1775859194950,0.002,0.000,0.001
1775859194970,0.004,-0.001,-0.002
1775859194989,0.000,-0.003,-0.005
1775859195009,0.001,-0.001,0.005
1775859195029,0.001,0.004,0.006
1775859195049,0.001,0.006,0.000
1775859195068,0.001,0.006,-0.003
1775859195088,0.001,0.005,-0.001
1775859195108,0.003,0.001,0.002
1775859195128,0.001,-0.002,0.001
1775859195148,-0.001,-0.003,0.000
1775859195167,-0.002,-0.001,-0.000
1775859195187,-0.000,0.001,0.000
1775859195207,0.001,0.003,0.003
1775859195227,0.000,0.003,0.001
1775859195246,0.000,0.000,-0.000
1775859195266,0.001,-0.001,-0.002
1775859195286,0.005,-0.002,0.000
1775859195306,0.004,-0.000,0.000
1775859195325,0.003,-0.000,-0.001
1775859195345,0.001,-0.001,-0.003
1775859195365,0.000,-0.002,-0.003
1775859195385,0.001,-0.002,-0.001
1775859195405,0.002,-0.002,-0.000
1775859195424,0.000,-0.001,-0.000
1775859195444,-0.000,0.000,0.000
1775859195464,0.000,0.002,-0.000
1775859195484,0.001,0.002,-0.000
1775859195503,0.002,0.002,0.001
1775859195523,0.003,0.004,0.002
1775859195543,0.004,0.005,0.002
1775859195563,0.003,0.004,0.001
1775859195582,0.002,0.003,0.001
1775859195602,0.001,0.003,0.002
1775859195622,0.003,0.001,-0.001
1775859195642,0.002,-0.001,-0.004
1775859195661,0.002,-0.000,0.006
1775859195681,0.002,0.003,0.007
1775859195701,0.002,0.003,0.000
1775859195721,-0.001,0.002,-0.004
1775859195741,-0.001,0.004,-0.002
1775859195760,0.002,0.002,-0.000
1775859195780,0.003,-0.001,-0.001
1775859195800,0.002,-0.002,-0.001
1775859195820,0.001,-0.001,-0.002
1775859195839,0.001,-0.000,-0.002
1775859195859,0.001,0.001,0.000
1775859195879,0.003,0.005,0.001
1775859195899,0.006,0.005,0.000
1775859195919,0.005,0.004,0.001
1775859195938,0.005,0.004,0.002
1775859195958,0.005,0.004,0.002
1775859195978,0.004,0.003,0.002
1775859195998,0.004,0.003,0.002
1775859196017,0.002,0.004,0.001
1775859196037,0.001,0.004,0.002
1775859196057,0.000,0.004,0.001
1775859196077,0.000,0.002,0.001
1775859196096,0.000,0.002,0.001
1775859196116,-0.001,0.003,0.001
1775859196136,-0.001,0.004,0.001
1775859196156,-0.001,0.004,0.001
1775859196175,0.000,0.003,0.002
1775859196195,0.000,0.003,0.005
1775859196215,0.000,0.003,0.005
1775859196235,-0.000,0.004,0.005
1775859196255,-0.001,0.004,0.006
1775859196274,-0.002,0.006,0.008
1775859196294,-0.003,0.006,0.004
1775859196314,-0.007,0.002,-0.000
1775859196334,-0.008,0.001,0.007
1775859196353,-0.006,0.003,0.004
1775859196373,-0.006,0.000,-0.003
1775859196393,-0.008,-0.003,-0.007
1775859196413,-0.006,-0.005,-0.008
1775859196432,-0.002,-0.006,-0.008
1775859196452,0.000,-0.008,-0.009
1775859196472,0.001,-0.009,-0.007
1775859196492,0.002,-0.011,-0.008
1775859196512,0.003,-0.010,-0.004
1775859196531,0.002,-0.006,0.000
1775859196551,0.003,-0.002,0.000
1775859196571,0.005,0.000,0.000
1775859196591,0.005,0.002,0.001
1775859196610,0.003,0.002,0.002
1775859196630,0.002,0.001,0.001
1775859196650,0.002,-0.000,0.001
1775859196670,-0.000,0.001,0.001
1775859196689,0.000,0.002,0.001
1775859196709,-0.001,0.001,0.001
1775859196729,0.000,-0.000,0.001
1775859196749,-0.001,-0.000,0.001
1775859196769,-0.001,0.000,0.001
1775859196788,0.000,0.001,0.000
1775859196808,-0.001,0.001,0.001
1775859196828,-0.003,0.002,0.002
1775859196848,-0.004,0.002,0.001
1775859196867,-0.003,-0.000,0.001
1775859196887,-0.001,0.000,0.003
1775859196907,-0.003,0.001,0.002
1775859196927,-0.005,0.000,0.003
1775859196946,-0.004,0.003,0.003
1775859196966,-0.004,0.001,-0.000
1775859196986,-0.004,-0.000,0.002
1775859197006,-0.005,0.001,0.009
1775859197025,-0.005,0.003,0.003
1775859197045,-0.005,0.002,-0.002
1775859197065,-0.004,0.003,-0.002
1775859197085,-0.002,0.004,0.000
1775859197105,-0.003,0.003,0.001
1775859197124,-0.003,-0.002,0.000
1775859197144,-0.001,-0.003,0.000
1775859197164,-0.001,-0.003,-0.000
1775859197184,-0.002,-0.002,0.001
1775859197203,-0.000,0.001,0.004
1775859197223,0.001,0.004,0.003
1775859197243,0.001,0.005,0.002
1775859197263,0.000,0.005,0.001
1775859197282,-0.000,0.004,0.002
1775859197302,-0.001,0.002,0.001
1775859197322,-0.000,0.000,0.000
1775859197342,-0.001,0.000,-0.000
1775859197361,-0.002,0.000,0.000
1775859197381,-0.003,0.001,-0.000
1775859197401,-0.002,0.000,-0.001
1775859197421,-0.001,0.002,-0.001
1775859197440,-0.002,0.001,-0.002
1775859197460,-0.000,0.000,-0.003
1775859197480,0.000,-0.002,-0.002
1775859197500,0.001,-0.003,-0.001
1775859197520,0.003,-0.001,0.001
1775859197539,0.003,0.001,0.002
1775859197559,0.003,0.003,0.001
1775859197579,0.003,0.003,0.001
1775859197599,0.003,0.003,0.003
1775859197618,0.002,0.001,0.001
1775859197638,0.000,-0.002,-0.001
1775859197658,0.000,-0.000,0.007
1775859197678,-0.002,0.003,0.005
1775859197697,-0.003,0.002,-0.000
1775859197717,-0.003,0.001,-0.002
1775859197737,-0.002,0.001,0.000
1775859197757,0.000,-0.002,0.002
1775859197776,0.001,-0.007,0.002
1775859197796,0.000,-0.005,0.002
1775859197816,-0.003,-0.004,-0.000
1775859197836,-0.003,-0.004,0.001
1775859197856,-0.002,-0.001,0.003
1775859197875,-0.001,0.000,0.002
1775859197895,-0.001,0.000,0.001
1775859197915,-0.003,-0.000,0.002
1775859197935,-0.004,-0.000,0.002
1775859197954,-0.005,-0.001,0.001
1775859197974,-0.004,-0.002,0.000
1775859197994,-0.002,-0.002,0.000
1775859198014,-0.003,-0.002,0.001
1775859198033,-0.004,-0.001,0.001
1775859198053,-0.005,-0.000,-0.000
1775859198073,-0.005,-0.001,0.000
1775859198093,-0.005,-0.001,-0.002
1775859198112,-0.004,-0.002,-0.001
1775859198132,-0.006,-0.001,0.000
1775859198152,-0.007,-0.000,0.000
1775859198172,-0.006,-0.000,0.000
1775859198191,-0.005,0.000,0.000
1775859198211,-0.004,0.001,0.001
1775859198231,-0.002,0.001,-0.000
1775859198251,-0.004,-0.001,-0.004
1775859198271,-0.002,-0.001,0.001
1775859198290,-0.005,0.002,0.004
1775859198310,-0.006,0.002,-0.001
1775859198330,-0.003,-0.000,-0.003
1775859198350,-0.002,-0.002,-0.001
1775859198369,-0.002,-0.002,0.002
1775859198389,-0.004,-0.003,0.002
1775859198409,-0.004,-0.001,0.002
1775859198429,-0.006,0.002,0.000
1775859198448,-0.004,0.001,-0.000
1775859198468,-0.001,0.001,0.002
1775859198488,-0.000,0.001,0.001
1775859198508,0.002,0.000,-0.000
1775859198527,0.002,-0.001,-0.001
1775859198547,0.002,0.000,-0.001
1775859198567,0.002,-0.000,-0.000
1775859198587,0.001,-0.000,-0.001
1775859198607,-0.001,-0.000,-0.000
1775859198626,-0.003,-0.001,0.000
1775859198646,-0.005,-0.001,0.000
1775859198666,-0.006,0.000,0.001
1775859198686,-0.006,0.001,0.001
1775859198705,-0.007,0.003,0.001
1775859198725,-0.008,0.004,0.003
1775859198745,-0.008,0.005,0.003
1775859198765,-0.006,0.005,0.004
1775859198784,-0.005,0.005,0.005
1775859198804,-0.006,0.006,0.007
1775859198824,-0.005,0.007,0.007
1775859198844,-0.003,0.005,0.002
1775859198863,-0.003,0.003,0.003
1775859198883,-0.005,0.006,0.011
1775859198903,-0.006,0.008,0.008
1775859198923,-0.007,0.006,0.001
1775859198942,-0.007,0.005,0.000
1775859198962,-0.006,0.005,0.002
1775859198982,-0.003,0.001,0.002
1775859199002,-0.003,-0.003,0.001
1775859199022,-0.004,-0.004,0.001
1775859199041,-0.005,-0.003,0.000
1775859199061,-0.004,-0.002,0.001
1775859199081,-0.004,0.001,0.004
1775859199101,-0.003,0.003,0.003
1775859199120,-0.001,0.001,0.000
1775859199140,0.000,0.001,0.002
1775859199160,-0.000,0.002,0.004
1775859199180,-0.002,0.000,0.003
1775859199199,-0.003,-0.001,0.002
1775859199219,-0.005,0.000,0.003
1775859199239,-0.009,0.002,0.004
1775859199259,-0.010,0.004,0.004
1775859199278,-0.010,0.003,0.004
1775859199298,-0.012,0.004,0.004
1775859199318,-0.012,0.004,0.004
1775859199338,-0.015,0.004,0.005
1775859199357,-0.018,0.006,0.006
1775859199377,-0.020,0.007,0.005
1775859199397,-0.021,0.007,0.007
1775859199417,-0.021,0.009,0.008
1775859199437,-0.022,0.007,0.003
1775859199456,-0.020,0.003,0.005
1775859199476,-0.019,0.005,0.014
1775859199496,-0.017,0.008,0.012
1775859199516,-0.013,0.007,0.008
1775859199535,-0.012,0.006,0.008
1775859199555,-0.013,0.008,0.010
1775859199575,-0.017,0.007,0.010
1775859199595,-0.018,0.004,0.010
1775859199614,-0.017,0.003,0.010
1775859199634,-0.017,0.003,0.009
1775859199654,-0.016,0.004,0.012
1775859199674,-0.020,0.006,0.014
1775859199693,-0.029,0.008,0.016
1775859199713,-0.038,0.009,0.016
1775859199733,-0.042,0.010,0.017
1775859199753,-0.043,0.008,0.017
1775859199773,-0.048,0.005,0.016
1775859199792,-0.052,0.002,0.013
1775859199812,-0.053,-0.001,0.011
1775859199832,-0.051,-0.003,0.011
1775859199852,-0.051,-0.004,0.011
1775859199871,-0.055,-0.005,0.008
1775859199891,-0.062,-0.006,0.006
1775859199911,-0.070,-0.005,0.006
1775859199931,-0.077,-0.005,0.007
1775859199950,-0.082,-0.005,0.006
1775859199970,-0.086,-0.002,0.005
1775859199990,-0.089,0.000,0.005
1775859200010,-0.087,-0.001,0.004
1775859200029,-0.084,-0.006,0.002
1775859200049,-0.075,-0.010,0.010
1775859200069,-0.069,-0.006,0.015
1775859200089,-0.066,-0.002,0.012
1775859200109,-0.065,0.001,0.010
1775859200128,-0.065,0.007,0.012
1775859200148,-0.063,0.012,0.013
1775859200168,-0.062,0.014,0.013
1775859200188,-0.062,0.017,0.014
1775859200207,-0.062,0.020,0.013
1775859200227,-0.059,0.020,0.012
1775859200247,-0.059,0.021,0.015
1775859200267,-0.063,0.026,0.017
1775859200286,-0.068,0.031,0.016
1775859200306,-0.074,0.038,0.019
1775859200326,-0.089,0.056,0.023
1775859200346,-0.106,0.080,0.024
1775859200365,-0.115,0.098,0.030
1775859200385,-0.115,0.109,0.034
1775859200405,-0.109,0.121,0.038
1775859200425,-0.109,0.135,0.046
1775859200445,-0.107,0.151,0.055
1775859200464,-0.097,0.164,0.064
1775859200484,-0.090,0.176,0.070
1775859200504,-0.081,0.187,0.074
1775859200524,-0.073,0.196,0.070
1775859200543,-0.077,0.199,0.053
1775859200563,-0.081,0.197,0.037
1775859200583,-0.082,0.183,0.016
1775859200603,-0.085,0.161,-0.012
1775859200622,-0.084,0.135,-0.029
1775859200642,-0.087,0.110,-0.038
1775859200662,-0.095,0.089,-0.041
1775859200682,-0.108,0.064,-0.050
1775859200701,-0.110,0.041,-0.049
1775859200721,-0.108,0.024,-0.048
1775859200741,-0.104,0.011,-0.050
1775859200761,-0.100,-0.005,-0.050
1775859200781,-0.083,-0.011,-0.043
1775859200800,-0.067,-0.008,-0.031
1775859200820,-0.049,-0.000,-0.016
1775859200840,-0.032,0.002,-0.007
1775859200860,-0.044,0.006,-0.013
1775859200879,-0.065,0.001,-0.033
1775859200899,-0.060,-0.009,-0.032
1775859200919,-0.076,-0.017,-0.049
1775859200939,-0.075,-0.022,-0.035
1775859200958,-0.038,-0.018,-0.015
1775859200978,-0.032,-0.026,-0.008
1775859200998,-0.032,-0.039,-0.003
1775859201018,-0.013,-0.052,-0.007
1775859201038,-0.014,-0.048,-0.013
1775859201057,-0.006,-0.045,-0.004
1775859201077,-0.002,-0.050,-0.004
1775859201097,-0.009,-0.050,-0.009
1775859201117,-0.016,-0.059,-0.023
1775859201136,-0.021,-0.068,-0.010
1775859201156,-0.025,-0.054,0.007
1775859201176,-0.027,-0.038,0.012
1775859201196,-0.028,-0.042,0.000
1775859201215,-0.048,-0.063,-0.009
1775859201235,-0.071,-0.069,-0.013
1775859201255,-0.078,-0.067,-0.010
1775859201275,-0.082,-0.057,-0.004
1775859201294,-0.080,-0.032,0.004
1775859201314,-0.069,-0.013,0.007
1775859201334,-0.066,-0.010,0.003
1775859201354,-0.071,-0.011,-0.015
1775859201374,-0.068,-0.003,-0.011
1775859201393,-0.062,0.001,-0.001
1775859201413,-0.075,0.001,-0.004
1775859201433,-0.085,-0.005,-0.023
1775859201453,-0.082,-0.005,-0.041
1775859201472,-0.081,0.000,-0.046
1775859201492,-0.096,0.004,-0.042
1775859201512,-0.100,0.004,-0.041
1775859201532,-0.092,0.010,-0.049
1775859201551,-0.087,0.016,-0.047
1775859201571,-0.080,0.011,-0.037
1775859201591,-0.071,-0.002,-0.042
1775859201611,-0.055,0.000,-0.042
1775859201630,-0.043,0.001,-0.040
1775859201650,-0.039,-0.002,-0.046
1775859201670,-0.039,0.020,-0.044
1775859201690,-0.044,0.040,-0.046
1775859201710,-0.039,0.039,-0.051
1775859201729,-0.027,0.068,-0.025
1775859201749,-0.032,0.093,-0.009
1775859201769,-0.042,0.066,-0.026
1775859201789,-0.041,0.037,-0.026
1775859201808,-0.031,0.048,-0.019
1775859201828,-0.030,0.050,-0.018
1775859201848,-0.042,0.026,-0.031
1775859201868,-0.050,0.029,-0.005
1775859201887,-0.051,0.068,0.017
1775859201907,-0.062,0.067,0.007
1775859201927,-0.067,0.045,-0.018
1775859201947,-0.083,0.059,-0.032
1775859201966,-0.099,0.079,-0.030
1775859201986,-0.119,0.067,0.003
1775859202006,-0.142,0.042,0.009
1775859202026,-0.128,0.031,-0.002
1775859202046,-0.098,0.026,0.001
1775859202065,-0.076,0.022,0.004
1775859202085,-0.061,0.029,0.018
1775859202105,-0.040,0.032,0.051
1775859202125,-0.034,-0.006,0.064
1775859202144,-0.031,-0.025,0.056
1775859202164,-0.034,-0.025,0.053
1775859202184,-0.025,-0.019,0.066
1775859202204,0.005,0.009,0.056
1775859202223,0.032,0.031,0.042
1775859202243,0.002,0.016,0.010
1775859202263,-0.054,-0.006,-0.019
1775859202283,-0.112,0.029,-0.031
1775859202302,-0.068,0.046,-0.010
1775859202322,0.014,-0.005,-0.000
1775859202342,0.019,-0.029,0.002
1775859202362,0.005,-0.000,-0.001
1775859202382,0.012,0.001,-0.015
1775859202401,0.027,0.004,-0.031
1775859202421,0.016,0.019,-0.000
1775859202441,-0.029,0.022,0.010
1775859202461,-0.050,-0.020,-0.007
1775859202480,-0.045,-0.052,-0.032
1775859202500,-0.040,-0.047,-0.016
1775859202520,0.004,-0.041,0.012
1775859202540,0.044,-0.021,0.000
1775859202559,0.054,-0.005,-0.049
1775859202579,0.041,-0.010,-0.055
1775859202599,0.049,-0.029,-0.045
1775859202619,0.051,-0.068,-0.085
1775859202638,0.040,-0.063,-0.092
1775859202658,0.075,-0.049,-0.042
1775859202678,0.080,-0.069,-0.018
1775859202698,0.022,-0.059,-0.042
1775859202717,0.033,-0.041,-0.050
1775859202737,0.071,-0.044,-0.018
1775859202757,0.078,-0.034,-0.006
1775859202777,0.091,-0.042,-0.008
1775859202797,0.095,-0.062,-0.015
1775859202816,0.082,-0.072,0.018
1775859202836,0.055,-0.051,0.043
1775859202856,0.039,-0.041,0.006
1775859202876,0.046,-0.032,-0.019
1775859202895,0.074,-0.032,0.021
1775859202915,0.077,-0.032,0.030
1775859202935,0.056,-0.029,-0.014
1775859202955,0.038,-0.019,-0.021
1775859202974,0.044,-0.021,0.000
1775859202994,0.048,-0.007,0.011
1775859203014,0.051,0.010,0.006
1775859203034,0.035,0.021,0.017
1775859203053,0.015,0.045,0.056
1775859203073,0.020,0.054,0.064
1775859203093,0.040,0.022,0.007
1775859203113,0.041,-0.025,-0.038
1775859203133,0.041,-0.009,-0.011
1775859203152,0.031,0.032,0.073
1775859203172,0.024,0.019,0.031
1775859203192,0.045,-0.018,-0.006
1775859203212,0.072,-0.045,0.033
1775859203231,0.011,-0.053,0.047
1775859203251,-0.007,-0.021,0.009
1775859203271,0.090,-0.022,0.010
1775859203291,0.066,-0.052,0.007
1775859203310,-0.017,-0.031,0.080
1775859203330,-0.029,0.014,0.074
1775859203350,-0.000,-0.011,0.008
1775859203370,-0.005,-0.079,0.049
1775859203389,0.013,-0.070,0.101
1775859203409,0.082,-0.009,0.072
1775859203429,0.067,0.009,0.010
1775859203449,-0.034,0.037,0.021
1775859203468,-0.054,0.057,0.053
1775859203488,-0.012,0.016,0.002
1775859203508,-0.000,-0.002,-0.034
1775859203528,-0.029,0.020,0.023
1775859203548,-0.058,0.017,0.071
1775859203567,-0.056,0.023,0.049
1775859203587,-0.045,0.022,-0.013
1775859203607,-0.027,-0.030,-0.052
1775859203627,-0.048,-0.063,-0.037
1775859203646,-0.043,-0.011,0.036
1775859203666,-0.021,-0.002,0.022
1775859203686,-0.037,-0.035,-0.051
1775859203706,-0.019,-0.024,-0.051
1775859203725,0.001,-0.009,-0.007
1775859203745,-0.031,0.010,0.037
1775859203765,-0.064,0.038,0.047
1775859203785,-0.047,0.020,0.034
1775859203804,-0.039,-0.031,0.005
1775859203824,-0.026,-0.014,0.003
1775859203844,-0.012,0.017,0.010
1775859203864,-0.015,0.003,-0.010
1775859203883,-0.015,0.007,-0.003
1775859203903,-0.009,0.026,0.021
1775859203923,-0.010,0.022,0.018
1775859203943,0.012,0.005,-0.006
1775859203962,0.035,0.000,0.002
1775859203982,0.025,0.005,0.021
1775859204002,0.019,-0.004,0.010
1775859204022,0.028,0.010,0.006
1775859204041,0.038,-0.006,-0.006
1775859204061,0.032,-0.041,-0.006
1775859204081,0.031,-0.010,0.007
1775859204101,0.050,0.003,-0.001
1775859204120,0.062,-0.049,-0.017
1775859204140,0.046,-0.059,-0.019
1775859204160,0.048,-0.023,-0.009
1775859204180,0.059,-0.030,-0.023
1775859204199,0.061,-0.041,-0.041
1775859204219,0.077,-0.022,-0.025
1775859204239,0.089,-0.005,-0.003
1775859204259,0.080,0.001,0.008
1775859204279,0.036,0.002,-0.002
1775859204298,0.010,0.018,-0.006
1775859204318,0.001,0.020,-0.013
1775859204338,-0.023,-0.011,-0.027
1775859204358,-0.001,-0.028,-0.019
1775859204377,-0.014,0.007,-0.018
1775859204397,-0.047,0.042,-0.021
1775859204417,-0.073,0.049,-0.016
1775859204437,-0.092,0.029,-0.033
1775859204456,-0.131,0.020,-0.054
1775859204476,-0.152,0.016,-0.065
1775859204496,-0.146,-0.032,-0.068
1775859204516,-0.168,-0.065,-0.062
1775859204535,-0.175,-0.022,-0.041
1775859204555,-0.109,0.015,-0.019
1775859204575,-0.042,-0.001,-0.007
1775859204595,0.019,-0.009,0.013
1775859204614,0.090,0.023,0.034
1775859204634,0.113,0.027,0.034
1775859204654,0.091,0.000,0.015
1775859204674,0.092,-0.011,-0.026
1775859204693,0.060,-0.031,-0.039
1775859204713,-0.009,-0.023,0.004
1775859204733,-0.029,-0.004,-0.000
1775859204753,-0.009,-0.035,-0.018
1775859204772,0.025,-0.028,0.030
1775859204792,0.047,0.019,0.052
1775859204812,0.044,0.027,0.033
1775859204832,0.038,0.035,0.029
1775859204851,0.031,0.063,0.031
1775859204871,0.042,0.064,-0.003
1775859204891,0.069,0.045,-0.063
1775859204911,0.090,0.033,-0.026
1775859204931,0.067,0.052,0.035
1775859204950,-0.004,0.053,0.011
1775859204970,-0.031,0.015,-0.058
1775859204990,0.002,-0.025,-0.051
1775859205010,0.009,-0.021,0.029
1775859205029,-0.067,-0.009,0.025
1775859205049,-0.102,-0.037,-0.064
1775859205069,-0.058,-0.061,-0.026
1775859205089,-0.061,-0.009,0.037
1775859205108,-0.083,0.031,0.037
1775859205128,-0.052,-0.002,0.012
1775859205148,-0.035,-0.025,0.023
1775859205168,-0.052,0.006,0.052
1775859205187,-0.096,0.029,0.016
1775859205207,-0.094,0.018,-0.020
1775859205227,-0.060,-0.012,-0.024
1775859205247,-0.067,-0.018,-0.059
1775859205266,-0.085,0.002,-0.053
1775859205286,-0.058,0.031,0.002
1775859205306,-0.033,0.036,0.050
1775859205326,-0.052,-0.001,0.007
1775859205346,-0.063,-0.031,-0.052
1775859205365,-0.082,-0.028,-0.036
1775859205385,-0.107,-0.001,0.033
1775859205405,-0.098,0.031,0.048
1775859205425,-0.079,0.019,-0.021
1775859205444,-0.053,-0.050,-0.059
1775859205464,-0.023,-0.050,-0.031
1775859205484,0.009,0.042,0.016
1775859205504,0.011,0.068,0.007
1775859205523,-0.026,0.013,-0.032
1775859205543,-0.030,-0.002,-0.032
1775859205563,-0.014,0.003,-0.021
1775859205583,-0.028,-0.002,0.000
1775859205602,-0.050,-0.004,0.015
1775859205622,-0.069,0.022,0.013
1775859205642,-0.042,0.019,-0.009
1775859205662,-0.001,-0.035,-0.034
1775859205681,0.024,-0.001,0.001
1775859205701,0.035,0.039,0.008
1775859205721,-0.004,0.001,-0.021
1775859205741,-0.011,-0.004,-0.014
1775859205761,0.020,0.020,0.012
1775859205780,0.024,-0.006,0.005
1775859205800,0.015,-0.002,0.009
1775859205820,0.043,0.017,0.015
1775859205840,0.073,-0.010,0.010
1775859205859,0.060,-0.019,0.000
1775859205879,0.054,0.005,-0.000
1775859205899,0.081,-0.001,-0.014
1775859205919,0.087,-0.035,-0.020
1775859205938,0.085,-0.048,-0.004
1775859205958,0.086,-0.033,0.007
1775859205978,0.115,-0.023,0.005
1775859205998,0.137,-0.034,0.010
1775859206017,0.117,-0.039,0.017
1775859206037,0.101,-0.036,0.006
1775859206057,0.084,-0.015,-0.000
1775859206077,0.064,0.011,-0.001
1775859206096,0.025,0.019,0.004
1775859206116,-0.010,0.020,0.003
1775859206136,-0.024,0.024,-0.011
1775859206156,-0.029,0.025,-0.020
1775859206175,-0.040,0.024,-0.014
1775859206195,-0.084,0.035,-0.001
1775859206215,-0.144,0.063,0.004
1775859206235,-0.181,0.080,0.000
1775859206255,-0.150,0.052,-0.017
1775859206274,-0.085,-0.013,-0.062
1775859206294,-0.024,-0.047,-0.065
1775859206314,-0.018,-0.031,-0.013
1775859206334,-0.049,-0.008,-0.005
1775859206353,-0.006,0.010,0.021
1775859206373,0.078,0.025,0.068
1775859206393,0.085,-0.002,0.045
1775859206413,0.054,-0.026,0.001
1775859206432,0.054,-0.025,0.018
1775859206452,0.065,-0.029,0.022
1775859206472,0.034,-0.015,0.011
1775859206492,0.025,0.004,0.035
1775859206511,0.011,0.004,0.050
1775859206531,-0.013,0.004,0.012
1775859206551,-0.002,-0.010,-0.006
1775859206571,0.019,-0.012,0.027
1775859206590,0.022,0.010,0.036
1775859206610,0.020,0.003,-0.029
1775859206630,0.029,-0.011,-0.042
1775859206650,0.053,0.035,0.043
1775859206670,0.053,0.070,0.040
1775859206689,0.008,0.001,-0.067
1775859206709,-0.055,-0.072,-0.091
1775859206729,-0.069,-0.020,-0.026
1775859206749,-0.053,0.032,0.025
1775859206768,0.029,-0.012,0.019
1775859206788,0.063,-0.064,-0.018
1775859206808,0.021,-0.048,-0.011
1775859206828,-0.009,-0.010,0.006
1775859206847,0.001,-0.000,0.006
1775859206867,-0.004,0.009,0.026
1775859206887,-0.025,0.052,0.044
1775859206907,-0.038,0.089,0.022
1775859206926,0.012,0.071,0.008
1775859206946,0.076,0.008,0.001
1775859206966,0.019,-0.016,-0.005
1775859206986,-0.080,0.016,0.022
1775859207005,-0.119,0.056,0.016
1775859207025,-0.073,0.052,-0.006
1775859207045,0.019,0.006,-0.020
1775859207065,0.027,-0.065,-0.021
1775859207085,-0.063,-0.085,-0.031
1775859207104,-0.109,-0.011,-0.003
1775859207124,-0.064,0.019,0.025
1775859207144,-0.046,-0.027,-0.006
1775859207164,-0.072,0.010,-0.000
1775859207183,-0.112,0.046,0.022
1775859207203,-0.126,0.007,-0.010
1775859207223,-0.106,-0.017,-0.053
1775859207243,-0.071,0.007,-0.013
1775859207262,-0.027,0.012,0.037
1775859207282,-0.020,-0.003,0.032
1775859207302,-0.023,-0.003,0.007
1775859207322,-0.013,-0.010,0.010
1775859207341,-0.011,-0.033,0.002
1775859207361,-0.025,-0.002,0.006
1775859207381,-0.008,0.034,0.013
1775859207401,0.029,0.002,-0.015
1775859207421,0.051,0.000,-0.010
1775859207440,0.048,0.042,0.012
1775859207460,0.039,0.045,-0.002
1775859207480,0.025,0.015,-0.007
1775859207500,0.012,0.002,0.018
1775859207519,0.004,0.009,0.032
1775859207539,0.029,0.003,0.007
1775859207559,0.024,-0.018,-0.009
1775859207579,0.010,-0.009,0.009
1775859207598,0.006,0.019,0.021
1775859207618,0.023,0.022,0.002
1775859207638,0.057,-0.019,-0.020
1775859207658,0.083,-0.037,-0.007
1775859207677,0.110,-0.031,-0.008
1775859207697,0.120,-0.031,-0.020
1775859207717,0.129,-0.037,-0.015
1775859207737,0.119,-0.030,-0.008
1775859207757,0.094,-0.020,-0.003
1775859207776,0.086,-0.010,-0.001
1775859207796,0.083,0.002,0.002
1775859207816,0.067,0.008,0.004
1775859207836,0.034,0.024,0.004
1775859207855,-0.013,0.047,-0.003
1775859207875,-0.068,0.056,-0.017
1775859207895,-0.116,0.041,-0.044
1775859207915,-0.139,0.027,-0.055
1775859207934,-0.140,0.028,-0.032
1775859207954,-0.133,0.020,-0.038
1775859207974,-0.153,0.000,-0.042
1775859207994,-0.167,0.011,-0.027
1775859208014,-0.142,0.020,-0.040
1775859208033,-0.121,-0.013,-0.060
1775859208053,-0.127,-0.021,-0.032
1775859208073,-0.105,0.010,-0.004
1775859208093,-0.046,-0.008,-0.002
1775859208112,0.020,-0.025,0.038
1775859208132,0.105,-0.010,0.063
1775859208152,0.116,-0.011,0.040
1775859208172,0.073,-0.028,0.007
1775859208191,0.037,-0.024,0.001
1775859208211,0.017,-0.010,0.008
1775859208231,-0.006,-0.024,-0.001
1775859208251,0.025,-0.027,-0.014
1775859208270,0.100,-0.022,0.013
1775859208290,0.111,0.001,0.040
1775859208310,0.058,0.014,0.036
1775859208330,0.005,0.005,0.031
1775859208350,-0.006,0.017,0.032
1775859208369,-0.010,0.030,0.013
1775859208389,0.023,0.024,0.008
1775859208409,0.088,0.023,0.038
1775859208429,0.145,0.027,0.034
1775859208448,0.169,0.000,-0.021
1775859208468,0.146,-0.071,-0.039
1775859208488,0.145,-0.091,-0.038
1775859208508,0.107,-0.088,-0.055
1775859208527,-0.006,-0.047,-0.021
1775859208547,-0.077,0.013,0.015
1775859208567,-0.088,-0.024,-0.026
1775859208587,-0.091,-0.065,-0.054
1775859208607,-0.072,-0.019,0.003
1775859208626,-0.041,0.016,0.023
1775859208646,-0.033,-0.019,-0.002
1775859208666,-0.043,0.015,-0.001
1775859208686,-0.018,0.052,0.027
1775859208705,-0.030,-0.000,0.015
1775859208725,-0.080,-0.019,-0.018
1775859208745,-0.099,-0.006,-0.007
1775859208765,-0.081,-0.002,-0.005
1775859208784,-0.044,-0.010,-0.010
1775859208804,-0.057,-0.031,0.012
1775859208824,-0.079,-0.032,0.034
1775859208844,-0.052,-0.029,0.007
1775859208864,-0.041,-0.007,-0.019
1775859208883,-0.045,0.022,0.017
1775859208903,-0.090,0.015,0.032
1775859208923,-0.130,0.006,0.000
1775859208943,-0.150,0.009,-0.020
1775859208962,-0.103,-0.016,0.006
1775859208982,-0.045,-0.031,0.030
1775859209002,-0.032,-0.023,0.014
1775859209022,-0.009,-0.027,-0.009
1775859209041,-0.011,-0.021,-0.007
1775859209061,-0.017,0.020,0.029
1775859209081,-0.005,0.029,0.035
1775859209101,-0.009,0.016,0.015
1775859209120,-0.019,0.019,0.013
1775859209140,-0.011,0.004,0.018
1775859209160,-0.006,-0.004,0.003
1775859209180,0.014,0.036,0.001
1775859209200,0.041,0.032,-0.012
1775859209219,0.060,-0.017,-0.026
1775859209239,0.048,-0.014,-0.021
1775859209259,0.016,0.027,0.005
1775859209279,-0.006,0.015,0.010
1775859209298,-0.017,0.001,0.015
1775859209318,-0.004,0.029,0.019
1775859209338,0.019,0.002,-0.005
1775859209358,0.001,-0.047,-0.032
1775859209377,0.004,-0.026,-0.004
1775859209397,0.053,0.011,0.010
1775859209417,0.090,-0.028,-0.020
1775859209437,0.074,-0.051,-0.032
1775859209456,0.069,-0.011,-0.017
1775859209476,0.082,0.001,-0.001
1775859209496,0.072,-0.034,-0.009
1775859209516,0.050,-0.052,-0.010
1775859209536,0.053,-0.031,0.007
1775859209555,0.065,-0.020,0.011
1775859209575,0.044,-0.013,0.008
1775859209595,0.018,0.004,0.001
1775859209615,0.017,0.026,-0.007
1775859209634,0.008,0.036,-0.014
1775859209654,-0.024,0.029,-0.022
1775859209674,-0.061,0.026,-0.022
1775859209694,-0.075,0.043,-0.013
1775859209713,-0.087,0.059,-0.008
1775859209733,-0.110,0.060,0.003
1775859209753,-0.114,0.056,0.011
1775859209773,-0.096,0.048,-0.011
1775859209793,-0.080,0.024,-0.010
1775859209812,-0.081,0.000,0.000
1775859209832,-0.123,-0.003,-0.014
1775859209852,-0.157,0.007,-0.009
1775859209872,-0.143,0.024,0.006
1775859209891,-0.047,0.051,0.012
1775859209911,0.083,0.034,0.014
1775859209931,0.123,-0.000,0.001
1775859209951,0.112,-0.008,-0.025
1775859209970,0.105,-0.004,-0.028
1775859209990,0.088,-0.024,-0.007
1775859210010,0.045,-0.039,0.015
1775859210030,0.010,-0.020,0.009
1775859210050,-0.001,-0.026,-0.007
1775859210069,0.011,-0.025,0.024
1775859210089,0.055,0.011,0.027
1775859210109,0.063,-0.013,-0.005
1775859210129,0.051,-0.019,0.015
1775859210148,0.047,0.000,0.018
1775859210168,0.040,-0.025,-0.017
1775859210188,0.038,-0.030,-0.004
1775859210208,0.035,0.004,0.026
1775859210227,0.041,0.008,0.008
1775859210247,0.065,-0.019,-0.021
1775859210267,0.109,-0.024,-0.012
1775859210287,0.146,0.003,0.019
1775859210307,0.133,0.020,0.039
1775859210326,0.037,0.028,0.040
1775859210346,-0.011,0.049,0.028
1775859210366,0.050,0.013,0.001
1775859210386,0.077,-0.059,-0.016
1775859210405,-0.045,-0.072,-0.018
1775859210425,-0.150,-0.006,-0.024
1775859210445,-0.091,0.031,0.031
1775859210465,-0.001,-0.013,0.014
1775859210484,-0.033,-0.040,-0.045
1775859210504,-0.080,0.019,-0.016
1775859210524,-0.025,0.026,0.021
1775859210544,-0.010,-0.057,-0.021
1775859210564,-0.075,-0.051,-0.030
1775859210583,-0.104,0.022,0.019
1775859210603,-0.106,-0.012,0.007
1775859210623,-0.123,-0.008,-0.015
1775859210643,-0.104,0.030,0.005
1775859210662,-0.082,-0.011,0.003
1775859210682,-0.071,-0.040,-0.035
1775859210702,-0.063,0.012,-0.028
1775859210722,-0.053,0.032,0.006
1775859210741,-0.042,-0.025,-0.002
1775859210761,-0.063,-0.065,0.006
1775859210781,-0.104,-0.040,-0.016
1775859210801,-0.099,0.004,-0.015
1775859210820,-0.060,0.029,0.000
1775859210840,-0.047,0.033,0.002
1775859210860,-0.062,0.022,-0.005
1775859210880,-0.062,-0.010,-0.012
1775859210900,-0.062,-0.037,-0.012
1775859210919,-0.073,0.006,0.013
1775859210939,-0.054,0.038,0.040
1775859210959,-0.032,0.006,0.009
1775859210979,-0.015,0.004,-0.015
1775859210998,0.007,0.010,-0.013
1775859211018,0.014,0.002,-0.004
1775859211038,0.011,-0.004,-0.001
1775859211058,0.008,0.006,0.002
1775859211077,0.020,0.018,0.016
1775859211097,0.033,0.001,0.017
1775859211117,0.031,-0.021,0.001
1775859211137,0.026,-0.004,0.013
1775859211156,0.037,0.004,0.012
1775859211176,0.046,-0.030,-0.009
1775859211196,0.051,-0.016,0.005
1775859211216,0.057,0.025,0.025
1775859211236,0.054,0.035,0.010
1775859211255,0.055,0.019,-0.022
1775859211275,0.081,0.013,-0.028
1775859211295,0.121,-0.004,-0.025
1775859211315,0.130,-0.039,-0.024
1775859211334,0.142,-0.049,-0.011
1775859211354,0.147,-0.045,0.004
1775859211374,0.137,-0.029,0.028
1775859211394,0.129,-0.023,0.038
1775859211413,0.122,-0.020,0.038
1775859211433,0.104,-0.008,0.015
1775859211453,0.067,0.010,0.010
1775859211473,0.025,0.041,0.023
1775859211492,-0.012,0.055,0.034
1775859211512,-0.056,0.049,0.018
1775859211532,-0.112,0.040,-0.004
1775859211552,-0.159,0.037,-0.017
1775859211571,-0.183,0.043,-0.027
1775859211591,-0.188,0.039,-0.037
1775859211611,-0.189,0.024,-0.020
1775859211631,-0.151,0.027,0.008
1775859211651,-0.084,0.044,0.029
1775859211670,-0.022,0.056,0.063
1775859211690,0.025,0.036,0.040
1775859211710,0.048,-0.001,0.002
1775859211730,0.054,0.006,0.025
1775859211749,0.058,0.015,0.032
1775859211769,0.083,-0.010,0.006
1775859211789,0.110,-0.018,0.023
1775859211809,0.063,-0.020,0.029
1775859211828,0.007,-0.027,-0.006
1775859211848,0.022,-0.036,-0.033
1775859211868,0.037,-0.031,0.014
1775859211888,0.055,0.009,0.051
1775859211907,0.066,0.002,0.009
1775859211927,0.050,-0.035,-0.026
1775859211947,0.031,-0.016,-0.004
1775859211967,0.030,0.008,-0.003
1775859211986,0.018,-0.017,-0.013
1775859212006,0.014,0.004,0.009
1775859212026,0.011,0.035,-0.003
1775859212046,-0.002,0.019,-0.033
1775859212066,-0.004,0.011,-0.005
1775859212085,0.009,0.038,0.033
1775859212105,0.038,0.047,0.024
1775859212125,0.083,0.030,0.004
1775859212145,0.120,0.027,0.017
1775859212164,0.112,0.059,0.045
1775859212184,0.044,0.083,0.041
1775859212204,-0.015,0.080,0.018
1775859212224,-0.027,0.030,-0.012
1775859212243,-0.080,-0.014,-0.002
1775859212263,-0.183,0.005,0.029
1775859212283,-0.227,0.019,0.015
1775859212303,-0.149,-0.015,0.002
1775859212323,-0.083,-0.038,-0.022
1775859212342,-0.087,-0.008,-0.004
1775859212362,-0.048,0.006,0.004
1775859212421,-0.085,-0.052,-0.012
1775859212441,-0.069,-0.038,-0.004
1775859212461,-0.006,-0.044,-0.030
1775859212481,0.013,-0.018,-0.015
1775859212500,-0.005,0.000,0.024
1775859212520,-0.035,-0.002,0.020
1775859212540,-0.039,0.019,0.007
1775859212560,-0.037,0.009,0.002
1775859212580,-0.012,-0.011,-0.003
1775859212599,0.025,-0.012,0.006
1775859212619,-0.012,-0.011,-0.002
1775859212639,-0.064,0.000,-0.006
1775859212659,-0.064,0.013,-0.016
1775859212678,-0.052,0.006,-0.007
1775859212698,-0.061,-0.009,0.001
1775859212718,-0.077,-0.010,0.017
1775859212738,-0.085,-0.030,-0.007
1775859212757,-0.100,-0.034,-0.015
1775859212777,-0.095,-0.003,0.016
1775859212797,-0.054,0.012,0.042
1775859212817,-0.014,0.012,0.033
1775859212837,-0.008,0.014,0.023
1775859212856,-0.021,0.013,0.014
1775859212876,-0.027,0.009,0.002
1775859212896,-0.020,0.000,-0.004
1775859212916,-0.001,-0.013,-0.006
1775859212935,0.008,-0.012,-0.001
1775859212955,0.020,0.000,0.010
1775859212975,0.037,0.004,0.013
1775859212995,0.034,-0.004,-0.006
1775859213014,0.021,0.009,-0.005
1775859213034,0.023,0.020,0.006
1775859213054,0.019,-0.001,-0.008
1775859213074,0.007,-0.018,-0.023
1775859213094,0.007,-0.001,-0.005
1775859213113,0.011,0.000,-0.007
1775859213133,0.023,-0.032,-0.014
1775859213153,0.056,-0.036,-0.021
1775859213173,0.084,-0.024,-0.013
1775859213192,0.081,-0.024,-0.001
1775859213212,0.084,-0.023,0.004
1775859213232,0.096,-0.015,0.005
1775859213252,0.095,-0.018,-0.023
1775859213271,0.080,-0.033,-0.046
1775859213291,0.086,-0.018,-0.039
1775859213311,0.109,0.008,-0.014
1775859213331,0.116,0.010,0.005
1775859213351,0.111,0.005,0.004
1775859213370,0.084,0.011,0.003
1775859213390,0.043,0.027,0.002
1775859213410,-0.009,0.040,0.004
1775859213430,-0.051,0.045,0.006
1775859213449,-0.077,0.044,-0.007
1775859213469,-0.100,0.036,-0.020
1775859213489,-0.111,0.004,-0.044
1775859213509,-0.114,-0.034,-0.056
1775859213528,-0.086,-0.016,-0.042
1775859213548,-0.038,0.025,-0.001
1775859213568,-0.023,0.043,0.012
1775859213588,-0.044,0.043,-0.002
1775859213607,-0.033,0.033,0.007
1775859213627,0.013,0.028,0.024
1775859213647,0.048,0.020,-0.015
1775859213667,0.068,0.002,-0.012
1775859213687,0.099,-0.012,0.022
1775859213706,0.071,-0.021,-0.010
1775859213726,0.007,-0.034,-0.041
1775859213746,-0.031,-0.045,-0.028
1775859213766,-0.008,-0.031,-0.021
1775859213785,0.039,-0.037,-0.040
1775859213825,0.048,0.001,0.056
1775859213845,0.037,-0.015,0.005
1775859213864,0.021,-0.042,-0.011
1775859213884,0.023,-0.003,0.044
1775859213904,0.009,0.036,0.039
1775859213924,-0.002,0.023,-0.019
1775859213944,0.006,0.002,-0.031
1775859213963,0.021,0.011,-0.016
1775859213983,0.028,0.009,-0.026
1775859214003,0.037,-0.005,-0.019
1775859214023,0.036,-0.010,0.003
1775859214042,0.021,-0.015,0.000
1775859214062,0.007,-0.023,-0.005
1775859214082,-0.002,-0.020,0.003
1775859214102,0.000,-0.016,0.002
1775859214121,0.015,-0.012,-0.001
1775859214141,0.050,0.001,0.009
1775859214161,0.103,0.026,0.047
1775859214181,0.150,0.038,0.080
1775859214200,0.148,0.018,0.069
1775859214220,0.061,-0.026,-0.001
1775859214240,0.031,-0.077,-0.052
1775859214260,0.108,-0.093,-0.044
1775859214280,0.094,-0.036,0.003
1775859214299,-0.104,0.038,0.045
1775859214319,-0.258,0.073,0.024
1775859214339,-0.208,0.046,0.010
1775859214359,-0.042,0.030,0.013
1775859214378,-0.011,0.008,-0.002
1775859214398,-0.063,-0.023,-0.038
1775859214418,-0.075,0.002,0.004
1775859214438,-0.070,0.021,0.047
1775859214457,-0.089,-0.026,0.004
1775859214477,-0.086,-0.033,-0.026
1775859214497,-0.053,0.021,0.019
1775859214517,-0.034,0.012,0.011
1775859214537,-0.059,-0.039,-0.034
1775859214556,-0.071,-0.023,-0.038
1775859214576,-0.065,-0.009,-0.021
1775859214596,-0.092,-0.046,-0.005
1775859214616,-0.099,-0.042,0.013
1775859214635,-0.061,-0.011,0.041
1775859214655,-0.012,0.033,0.074
1775859214675,0.021,0.015,0.055
1775859214695,-0.003,-0.028,-0.008
1775859214714,-0.026,-0.033,-0.023
1775859214734,-0.058,-0.039,0.002
1775859214754,-0.108,-0.037,0.011
1775859214774,-0.130,0.013,0.017
1775859214794,-0.067,0.022,0.010
1775859214813,0.024,-0.012,0.041
1775859214833,0.060,0.015,0.067
1775859214853,0.084,0.009,0.022
1775859214873,0.072,-0.028,0.000
1775859214892,0.042,-0.025,0.008
1775859214912,0.059,-0.028,0.011
1775859214932,0.069,-0.046,-0.002
1775859214952,0.051,-0.014,0.027
1775859214971,0.067,0.010,0.048
1775859214991,0.054,-0.009,0.019
1775859215011,0.021,-0.032,-0.022
1775859215031,-0.002,-0.020,-0.017
1775859215050,0.033,-0.000,-0.009
1775859215070,0.089,-0.014,-0.023
1775859215090,0.092,-0.013,-0.013
1775859215110,0.088,-0.001,-0.012
1775859215130,0.091,0.001,-0.016
1775859215149,0.101,0.014,-0.020
1775859215169,0.094,0.023,-0.008
1775859215189,0.071,0.017,-0.024
1775859215209,0.059,0.024,-0.030
1775859215228,0.059,0.043,-0.025
1775859215248,0.030,0.054,-0.022
1775859215268,-0.016,0.051,-0.021
1775859215288,-0.050,0.052,-0.037
1775859215307,-0.053,0.069,-0.039
1775859215327,-0.068,0.090,-0.031
1775859215347,-0.099,0.095,-0.014
1775859215367,-0.133,0.090,-0.011
1775859215387,-0.155,0.092,0.007
1775859215406,-0.159,0.084,0.013
1775859215426,-0.137,0.050,0.007
1775859215446,-0.081,0.010,-0.005
1775859215466,-0.021,-0.011,-0.005
1775859215485,-0.004,-0.027,0.004
1775859215505,-0.021,-0.026,0.020
1775859215525,-0.017,-0.008,0.039
1775859215545,0.021,0.003,0.036
1775859215564,0.059,-0.007,-0.010
1775859215584,0.082,-0.029,-0.055
1775859215604,0.063,-0.029,-0.049
1775859215624,0.000,-0.004,-0.016
1775859215644,-0.042,0.010,-0.003
1775859215663,-0.016,-0.009,-0.004
1775859215683,0.013,-0.018,0.018
1775859215703,0.021,0.000,0.020
1775859215723,0.013,0.008,-0.001
1775859215742,0.020,0.007,0.015
1775859215762,0.027,0.016,0.038
1775859215782,0.013,0.019,0.001
1775859215802,0.008,-0.015,-0.024
1775859215821,0.017,-0.020,0.006
1775859215841,0.010,0.001,0.004
1775859215861,0.000,-0.019,-0.029
1775859215881,0.010,-0.028,-0.011
1775859215900,0.013,0.003,0.018
1775859215920,0.013,0.008,0.001
1775859215940,0.032,-0.011,-0.015
1775859215960,0.096,-0.003,-0.010
1775859215980,0.185,0.020,-0.002
1775859215999,0.225,-0.002,-0.000
1775859216019,0.118,-0.041,-0.031
1775859216039,-0.080,-0.047,-0.048
1775859216059,-0.084,-0.028,-0.020
1775859216078,0.049,-0.060,0.022
1775859216098,-0.017,-0.117,0.006
1775859216118,-0.205,-0.101,-0.016
1775859216138,-0.222,0.014,0.013
1775859216157,-0.078,0.053,0.047
1775859216177,-0.012,0.017,0.042
1775859216197,-0.061,0.011,0.000
1775859216217,-0.076,0.040,0.005
1775859216236,-0.021,0.039,0.026
1775859216256,0.000,0.022,0.036
1775859216276,-0.017,-0.002,0.004
1775859216296,-0.047,-0.060,-0.065
1775859216315,-0.059,-0.078,-0.064
1775859216335,-0.058,-0.016,-0.003
1775859216355,-0.064,0.034,0.020
1775859216375,-0.079,0.021,-0.008
1775859216395,-0.082,-0.032,-0.051
1775859216414,-0.077,-0.021,-0.025
1775859216434,-0.029,0.036,0.014
1775859216454,0.000,0.029,-0.010
1775859216474,-0.008,-0.002,-0.036
1775859216493,-0.041,0.003,-0.014
1775859216513,-0.080,-0.011,-0.021
1775859216533,-0.082,0.011,0.004
1775859216553,-0.035,0.044,0.042
1775859216572,-0.014,0.018,0.026
1775859216632,-0.002,-0.002,0.009
1775859216652,-0.002,-0.007,0.008
1775859216671,-0.018,0.027,0.017
1775859216691,-0.009,0.061,0.016
1775859216711,-0.006,0.051,0.031
1775859216731,-0.015,0.062,0.050
1775859216750,-0.004,0.053,0.037
1775859216770,0.025,0.020,0.011
1775859216790,0.034,0.013,0.020
1775859216810,0.022,0.001,0.009
1775859216829,0.031,-0.034,-0.010
1775859216849,0.027,-0.036,-0.006
1775859216869,0.026,-0.021,0.018
1775859216889,0.042,-0.026,0.012
1775859216909,0.040,-0.008,0.014
1775859216928,0.030,0.015,0.010
1775859216948,0.028,0.008,-0.016
1775859216968,0.046,-0.017,-0.030
1775859216988,0.088,-0.025,-0.043
1775859217007,0.121,-0.009,-0.049
1775859217027,0.130,-0.002,-0.039
1775859217047,0.122,-0.005,-0.036
1775859217067,0.120,0.005,-0.027
1775859217086,0.117,0.008,-0.016
1775859217106,0.101,0.010,-0.006
1775859217126,0.074,0.024,0.008
1775859217146,0.063,0.035,0.015
1775859217166,0.062,0.027,0.018
1775859217185,0.049,0.011,0.020
1775859217205,0.042,0.017,0.017
1775859217225,0.033,0.032,0.008
1775859217245,0.000,0.032,0.005
1775859217264,-0.053,0.020,-0.002
1775859217284,-0.106,0.011,-0.008
1775859217304,-0.155,0.011,-0.023
1775859217324,-0.191,0.005,-0.049
1775859217343,-0.198,-0.002,-0.055
1775859217363,-0.166,0.014,-0.029
1775859217383,-0.105,0.034,-0.003
1775859217403,-0.042,0.035,0.019
1775859217422,-0.000,0.021,0.022
1775859217442,0.025,-0.012,-0.009
1775859217462,0.042,-0.024,0.006
1775859217482,0.059,-0.006,0.044
1775859217502,0.010,-0.013,0.015
1775859217521,-0.039,-0.021,-0.040
1775859217541,-0.010,-0.014,-0.049
1775859217561,0.052,-0.011,-0.030
1775859217581,0.063,-0.003,-0.008
1775859217600,0.022,0.004,-0.015
1775859217620,-0.001,-0.024,-0.047
1775859217640,0.017,-0.039,-0.018
1775859217660,0.020,-0.006,0.035
1775859217679,-0.005,0.003,0.023
1775859217699,0.007,-0.026,0.003
1775859217719,0.046,-0.039,0.003
1775859217739,0.041,-0.029,-0.014
1775859217758,0.026,-0.023,-0.016
1775859217778,0.031,-0.005,0.020
1775859217798,0.029,0.016,0.027
1775859217818,0.024,-0.013,-0.018
1775859217838,0.028,-0.039,-0.030
1775859217857,0.046,-0.016,0.003
1775859217877,0.055,0.000,0.024
1775859217897,0.047,-0.008,0.027
1775859217917,0.041,0.000,0.030
1775859217936,0.056,-0.001,0.013
1775859217956,0.050,-0.021,-0.002
1775859217976,0.029,-0.013,0.009
1775859217996,0.026,0.004,0.014
1775859218015,0.023,-0.002,0.008
1775859218035,0.006,-0.008,0.001
1775859218055,-0.007,-0.002,0.000
1775859218075,0.006,-0.004,-0.006
1775859218094,0.049,-0.004,-0.004
1775859218114,0.115,0.013,0.016
1775859218134,0.178,0.017,0.037
1775859218154,0.178,-0.023,0.001
1775859218174,0.043,-0.078,-0.048
1775859218193,-0.051,-0.061,-0.042
1775859218213,0.049,-0.023,-0.016
1775859218233,0.120,-0.049,0.003
1775859218253,-0.011,-0.048,0.010
1775859218272,-0.204,0.010,0.011
1775859218292,-0.219,0.080,0.056
1775859218312,-0.077,0.097,0.101
1775859218332,0.033,0.058,0.056
1775859218351,0.034,-0.004,-0.023
1775859218371,0.026,-0.048,-0.042
1775859218391,-0.050,-0.071,-0.046
1775859218411,-0.143,-0.021,-0.024
1775859218430,-0.154,0.033,0.022
1775859218450,-0.107,-0.008,0.024
1775859218470,-0.021,-0.033,-0.027
1775859218490,-0.015,-0.022,-0.009
1775859218509,-0.110,0.010,0.021
1775859218529,-0.152,0.025,0.012
1775859218549,-0.106,-0.018,-0.025
1775859218569,-0.030,-0.011,0.016
1775859218589,-0.040,0.055,0.105
1775859218608,-0.081,0.078,0.110
1775859218628,-0.067,0.005,0.012
1775859218648,-0.044,-0.096,-0.081
1775859218668,-0.020,-0.077,-0.051
1775859218687,-0.010,-0.021,0.015
1775859218707,-0.016,-0.013,0.014
1775859218727,-0.021,-0.018,-0.008
1775859218747,-0.032,-0.012,-0.003
1775859218766,-0.066,0.035,0.010
1775859218786,-0.076,0.065,0.019
1775859218806,-0.033,0.017,0.007
1775859218826,-0.004,-0.010,-0.008
1775859218845,-0.001,0.021,-0.000
1775859218865,0.018,0.024,0.017
1775859218885,0.039,0.012,0.021
1775859218905,0.038,0.018,0.009
1775859218925,0.028,0.026,0.001
1775859218944,0.021,0.005,-0.011
1775859218964,0.024,-0.016,-0.004
1775859218984,-0.000,-0.006,-0.005
1775859219004,-0.032,-0.007,-0.018
1775859219023,-0.010,-0.037,0.000
1775859219043,0.005,-0.021,0.024
1775859219063,0.000,0.009,0.006
1775859219083,-0.008,-0.020,-0.017
1775859219102,-0.014,-0.044,-0.007
1775859219122,-0.010,-0.019,0.021
1775859219142,0.015,0.002,0.016
1775859219162,0.043,-0.021,-0.019
1775859219181,0.072,-0.060,-0.042
1775859219201,0.090,-0.064,-0.052
1775859219221,0.093,-0.032,-0.049
1775859219241,0.085,-0.014,-0.029
1775859219261,0.078,-0.015,-0.023
1775859219280,0.050,-0.004,-0.021
1775859219300,0.043,0.019,-0.011
1775859219320,0.063,0.027,0.004
1775859219340,0.062,0.019,0.003
1775859219359,0.041,0.020,0.006
1775859219379,-0.004,0.042,-0.013
1775859219399,-0.034,0.047,-0.016
1775859219419,-0.039,0.027,-0.008
1775859219438,-0.057,0.011,-0.001
1775859219458,-0.080,0.017,0.000
1775859219478,-0.097,0.021,-0.011
1775859219498,-0.118,0.005,-0.024
1775859219517,-0.132,-0.005,-0.041
1775859219537,-0.105,0.012,-0.044
1775859219557,-0.032,0.045,-0.008
1775859219577,0.035,0.043,0.005
1775859219597,0.047,0.018,-0.018
1775859219616,0.039,0.013,-0.016
1775859219636,0.035,0.021,0.012
1775859219656,0.062,0.030,0.038
1775859219676,0.093,0.039,0.051
1775859219695,0.104,0.013,0.037
1775859219715,0.078,-0.014,0.014
1775859219735,0.029,-0.012,-0.011
1775859219755,0.010,-0.013,-0.009
1775859219774,0.026,-0.023,0.004
1775859219794,0.056,-0.032,-0.027
1775859219814,0.087,-0.053,-0.047
1775859219834,0.093,-0.046,-0.001
1775859219853,0.068,-0.024,0.003
1775859219873,0.039,-0.036,-0.021
1775859219893,0.040,-0.030,0.005
1775859219913,0.039,0.002,0.035
1775859219933,0.033,-0.000,0.006
1775859219952,0.030,-0.026,-0.018
1775859219972,0.043,-0.022,-0.003
1775859219992,0.047,-0.018,0.002
1775859220012,0.032,-0.018,0.016
1775859220031,0.019,-0.002,0.029
1775859220051,0.023,-0.007,0.009
1775859220071,0.026,-0.018,-0.008
1775859220091,0.017,0.001,0.016
1775859220110,0.013,0.021,0.027
1775859220130,0.044,0.002,0.004
1775859220150,0.074,-0.022,-0.019
1775859220170,0.067,-0.023,-0.019
1775859220189,0.048,-0.009,0.001
1775859220209,0.035,-0.005,-0.002
1775859220229,0.035,-0.003,-0.008
1775859220249,0.079,0.011,0.008
1775859220268,0.159,0.015,0.023
1775859220288,0.160,-0.005,0.016
1775859220308,0.042,-0.005,-0.004
1775859220328,-0.015,0.046,0.015
1775859220347,0.100,0.073,0.039
1775859220367,0.163,0.003,0.006
1775859220387,0.018,-0.029,-0.003
1775859220407,-0.146,0.032,0.029
1775859220426,-0.095,0.067,0.019
1775859220446,0.008,-0.004,0.027
1775859220466,-0.033,-0.026,0.046
1775859220486,-0.112,0.038,0.087
1775859220506,-0.081,0.082,0.066
1775859220525,-0.035,0.070,0.053
1775859220545,-0.039,0.087,0.052
1775859220565,-0.042,0.055,0.017
1775859220585,-0.036,-0.008,-0.048
1775859220604,-0.058,-0.024,-0.035
1775859220624,-0.058,-0.031,0.020
1775859220644,-0.072,-0.105,-0.009
1775859220664,-0.105,-0.128,-0.028
1775859220683,-0.106,-0.072,0.049
1775859220703,-0.090,-0.061,0.059
1775859220723,-0.118,-0.114,-0.023
1775859220743,-0.164,-0.120,-0.047
1775859220763,-0.177,-0.081,0.004
1775859220782,-0.140,-0.057,0.031
1775859220802,-0.077,-0.020,0.020
1775859220822,-0.017,0.032,0.040
1775859220842,0.023,0.040,0.048
1775859220861,0.043,0.015,0.013
1775859220881,0.016,0.012,0.006
1775859220901,-0.017,0.051,0.021
1775859220921,-0.035,0.018,0.002
1775859220940,-0.050,-0.019,-0.025
1775859220960,-0.057,0.034,-0.020
1775859220980,-0.031,0.088,0.021
1775859221000,0.000,0.039,0.000
1775859221019,0.005,-0.020,-0.051
1775859221039,0.030,-0.006,-0.032
1775859221059,0.045,-0.011,-0.026
1775859221079,0.022,-0.037,-0.052
1775859221099,0.021,-0.001,-0.022
1775859221118,0.030,0.048,0.012
1775859221138,0.028,0.037,0.000
1775859221158,0.012,0.034,-0.022
1775859221178,0.014,0.068,-0.021
1775859221197,0.046,0.057,-0.028
1775859221217,0.051,0.010,-0.040
1775859221237,0.037,0.000,-0.033
1775859221257,0.034,0.012,-0.009
1775859221276,0.060,-0.001,-0.025
1775859221296,0.067,-0.011,-0.040
1775859221316,0.050,0.013,-0.009
1775859221336,0.050,0.030,0.010
1775859221355,0.077,0.031,0.009
1775859221375,0.092,0.032,-0.007
1775859221395,0.083,0.018,-0.014
1775859221415,0.084,0.008,-0.016
1775859221435,0.092,0.015,-0.020
1775859221454,0.080,0.027,-0.027
1775859221474,0.050,0.034,-0.036
1775859221494,0.065,0.036,-0.021
1775859221514,0.083,0.020,-0.027
1775859221533,0.066,-0.008,-0.028
1775859221553,0.025,-0.023,-0.036
1775859221573,0.042,-0.014,-0.008
1775859221593,0.057,0.005,-0.003
1775859221612,0.048,0.010,-0.004
1775859221632,0.051,0.010,-0.010
1775859221652,0.072,0.003,-0.025
1775859221672,0.075,0.013,-0.008
1775859221691,0.040,0.047,0.047
1775859221711,-0.003,0.059,0.039
1775859221731,-0.041,0.014,-0.025
1775859221751,-0.086,-0.029,-0.057
1775859221770,-0.064,-0.021,-0.018
1775859221790,0.036,-0.001,0.020
1775859221810,0.130,-0.007,0.036
1775859221830,0.135,0.007,0.060
1775859221850,0.085,0.034,0.063
1775859221869,0.020,0.030,0.035
1775859221889,-0.048,0.015,-0.013
1775859221909,-0.060,0.001,-0.056
1775859221929,-0.027,-0.027,-0.046
1775859221948,-0.030,-0.037,-0.035
1775859221968,-0.057,-0.031,-0.048
1775859221988,-0.045,-0.030,-0.029
1775859222008,-0.012,-0.025,-0.003
1775859222027,0.005,-0.029,-0.013
1775859222047,0.028,-0.034,-0.003
1775859222067,0.034,-0.014,0.026
1775859222087,0.023,0.003,0.018
1775859222107,0.014,-0.004,0.017
1775859222126,0.011,0.007,0.041
1775859222146,0.007,0.008,0.027
1775859222166,-0.006,-0.008,0.003
1775859222186,-0.017,-0.010,0.007
1775859222205,-0.031,-0.009,0.000
1775859222225,-0.041,-0.017,-0.006
1775859222245,-0.032,-0.009,0.012
1775859222265,-0.030,-0.008,0.004
1775859222284,-0.027,-0.022,-0.020
1775859222304,-0.013,-0.020,-0.005
1775859222324,-0.006,0.005,0.020
1775859222344,-0.007,0.015,0.021
1775859222363,-0.009,0.005,-0.007
1775859222383,-0.015,-0.003,-0.008
1775859222403,-0.024,0.005,0.011
1775859222423,-0.032,0.011,0.011
1775859222442,-0.042,0.003,0.006
1775859222462,-0.048,0.005,0.018
1775859222482,-0.052,0.009,0.031
1775859222502,-0.079,0.000,0.019
1775859222522,-0.115,-0.001,0.010
1775859222541,-0.148,0.022,-0.001
1775859222561,-0.115,0.031,-0.011
1775859222581,-0.068,-0.002,-0.037
1775859222601,-0.063,-0.025,-0.045
1775859222620,-0.063,-0.029,-0.024
1775859222640,-0.045,-0.023,0.003
1775859222660,-0.023,-0.024,0.019
1775859222680,-0.012,-0.036,0.016
1775859222699,-0.029,-0.024,-0.001
1775859222719,-0.018,0.000,0.010
1775859222739,-0.002,0.005,0.026
1775859222759,-0.017,-0.005,0.013
1775859222778,-0.063,-0.005,-0.000
1775859222798,-0.078,0.020,0.001
1775859222818,-0.027,0.002,-0.001
1775859222838,-0.036,-0.038,-0.015
1775859222858,-0.097,-0.033,-0.029
1775859222877,-0.086,-0.018,-0.014
1775859222897,-0.002,-0.041,-0.016
1775859222917,0.055,-0.065,-0.033
1775859222937,0.035,-0.039,-0.003
1775859222956,-0.014,0.020,0.042
1775859222976,-0.063,0.044,0.035
1775859222996,-0.101,0.062,0.031
1775859223016,-0.075,0.080,0.037
1775859223035,-0.013,0.066,0.028
1775859223055,0.001,0.037,-0.004
1775859223075,0.014,0.027,-0.014
1775859223095,0.087,0.012,-0.022
1775859223114,0.139,-0.026,-0.062
1775859223134,0.102,-0.052,-0.045
1775859223154,0.025,-0.018,-0.004
1775859223174,0.010,0.015,0.017
1775859223194,0.008,0.008,0.034
1775859223213,-0.042,-0.011,0.037
1775859223233,-0.180,-0.030,0.051
1775859223253,-0.268,-0.008,-0.014
1775859223273,-0.168,-0.008,-0.015
1775859223292,0.024,-0.009,0.022
1775859223312,0.089,0.045,0.042
1775859223332,0.047,0.074,0.044
1775859223352,-0.001,0.046,0.000
1775859223371,0.010,-0.003,-0.042
1775859223391,0.025,-0.033,-0.039
1775859223411,0.038,-0.037,-0.003
1775859223431,0.053,-0.042,-0.007
1775859223450,0.034,-0.056,-0.032
1775859223470,-0.030,-0.009,-0.011
1775859223490,-0.055,0.062,0.016
1775859223510,-0.006,0.050,0.023
1775859223530,0.047,0.003,-0.026
1775859223549,0.019,0.010,-0.091
1775859223569,0.027,0.049,-0.041
1775859223589,0.058,0.060,0.010
1775859223609,0.033,-0.004,-0.018
1775859223628,-0.043,-0.059,-0.038
1775859223648,-0.048,-0.030,-0.025
1775859223668,-0.019,-0.013,0.016
1775859223688,-0.040,-0.027,0.023
1775859223707,-0.064,0.015,0.034
1775859223727,-0.008,0.061,0.043
1775859223747,0.026,0.038,0.029
1775859223767,-0.044,0.001,-0.020
1775859223786,-0.059,0.013,-0.021
1775859223806,0.000,0.020,-0.004
1775859223826,0.041,-0.007,-0.013
1775859223846,0.034,-0.024,-0.019
1775859223866,0.008,0.013,-0.004
1775859223885,0.034,0.050,0.018
1775859223905,0.029,0.043,0.030
1775859223925,-0.032,0.000,-0.010
1775859223945,-0.038,-0.021,-0.028
1775859223964,0.020,0.014,0.009
1775859223984,0.011,0.008,0.014
1775859224004,-0.006,-0.024,-0.019
1775859224024,0.005,-0.017,-0.016
1775859224043,0.035,0.016,0.007
1775859224063,0.042,0.021,0.005
1775859224083,0.037,-0.013,-0.025
1775859224103,0.004,-0.017,-0.031
1775859224123,-0.007,0.026,0.011
1775859224142,0.016,0.018,0.041
1775859224162,-0.027,-0.012,0.015
1775859224182,-0.059,0.011,0.014
1775859224202,-0.041,0.017,0.024
1775859224221,-0.016,-0.018,0.017
1775859224241,-0.017,-0.050,-0.018
1775859224261,0.003,-0.047,-0.014
1775859224281,0.036,-0.024,0.001
1775859224300,0.051,-0.010,-0.005
1775859224320,0.055,0.016,0.008
1775859224340,0.035,0.060,0.016
1775859224360,0.016,0.062,0.025
1775859224380,0.004,0.025,0.001
1775859224399,-0.048,0.010,-0.004
1775859224419,-0.110,0.004,-0.021
1775859224439,-0.061,-0.011,0.012
1775859224459,0.026,-0.033,-0.009
1775859224478,0.026,-0.051,-0.032
1775859224498,0.025,-0.024,-0.016
1775859224518,0.021,-0.013,-0.021
1775859224538,0.027,-0.012,-0.020
1775859224557,0.026,0.010,-0.025
1775859224577,0.016,0.041,-0.012
1775859224597,0.020,0.049,-0.006
1775859224617,0.020,0.031,-0.008
1775859224637,0.021,0.007,-0.007
1775859224656,0.021,0.002,0.009
1775859224676,-0.010,-0.024,-0.020
1775859224696,-0.048,-0.052,-0.049
1775859224716,-0.032,-0.031,-0.032
1775859224735,-0.022,-0.002,0.013
1775859224755,-0.027,-0.016,0.006
1775859224775,-0.025,-0.021,-0.011
1775859224795,-0.013,0.009,0.007
1775859224814,-0.007,0.032,0.015
1775859224834,0.000,0.019,0.002
1775859224854,0.019,-0.009,-0.022
1775859224874,0.019,-0.013,-0.033
1775859224893,0.042,-0.004,-0.020
1775859224913,0.053,-0.006,-0.004
1775859224933,0.015,0.005,0.012
1775859224953,-0.008,0.017,0.011
1775859224972,0.024,0.003,0.004
1775859224992,0.063,-0.004,0.017
1775859225012,0.080,0.007,0.023
1775859225032,0.079,0.000,0.002
1775859225051,0.047,-0.018,-0.013
1775859225071,0.014,-0.027,-0.018
1775859225091,0.000,-0.033,-0.016
1775859225111,0.006,-0.033,-0.005
1775859225131,-0.016,-0.032,0.007
1775859225150,-0.052,-0.011,0.013
1775859225170,-0.049,0.028,0.033
1775859225190,-0.035,0.029,0.031
1775859225210,0.000,0.009,0.002
1775859225229,0.046,0.010,-0.025
1775859225249,0.083,0.028,-0.019
1775859225269,0.075,0.032,-0.015
1775859225289,0.052,0.013,-0.038
1775859225308,0.038,-0.001,-0.041
1775859225328,0.047,0.004,-0.009
1775859225348,0.050,-0.006,-0.006
1775859225368,0.026,-0.013,0.014
1775859225388,-0.014,-0.001,0.042
1775859225407,-0.018,-0.008,0.026
1775859225427,0.007,-0.016,0.007
1775859225447,0.028,-0.005,0.012
1775859225467,0.025,0.000,0.022
1775859225486,0.018,0.018,0.011
1775859225506,0.016,0.030,0.010
1775859225526,0.010,0.049,0.011
1775859225546,0.007,0.051,0.001
1775859225565,0.021,0.019,-0.021
1775859225585,-0.000,-0.010,-0.032
1775859225605,-0.042,-0.016,-0.007
1775859225625,-0.084,-0.032,-0.008
1775859225644,-0.118,-0.043,-0.022
1775859225664,-0.088,-0.024,0.007
1775859225684,-0.019,0.004,0.019
1775859225704,0.026,0.000,0.004
1775859225723,0.025,-0.002,0.013
1775859225743,0.000,0.030,0.025
1775859225763,0.023,0.032,0.010
1775859225783,0.062,0.014,0.021
1775859225803,0.058,0.021,0.038
1775859225822,0.011,0.013,0.000
1775859225842,-0.034,-0.031,-0.037
1775859225862,-0.027,-0.024,0.003
1775859225882,0.017,0.015,0.047
1775859225901,0.047,-0.016,0.000
1775859225921,0.016,-0.067,-0.050
1775859225941,-0.022,-0.040,-0.019
1775859225961,-0.030,0.003,0.019
1775859225980,-0.038,-0.011,-0.001
1775859226000,-0.023,-0.011,0.008
1775859226020,0.016,0.014,0.028
1775859226040,0.037,0.011,0.028
1775859226059,0.023,-0.005,0.003
1775859226079,0.009,-0.010,-0.010
1775859226099,0.024,-0.010,0.000
1775859226119,0.034,-0.011,0.008
1775859226138,0.012,-0.007,0.009
1775859226158,-0.025,0.009,0.012
1775859226178,-0.032,0.018,0.002
1775859226198,-0.011,0.012,-0.009
1775859226218,-0.005,0.015,0.011
1775859226237,-0.048,0.024,0.013
1775859226257,-0.093,0.018,-0.024
1775859226277,-0.059,-0.003,-0.045
1775859226297,0.014,-0.004,-0.014
1775859226316,0.010,-0.014,-0.014
1775859226336,-0.062,-0.015,-0.028
1775859226356,-0.063,-0.001,-0.001
1775859226376,-0.011,0.021,0.045
1775859226395,0.015,0.034,0.044
1775859226415,0.018,0.015,0.016
1775859226435,-0.011,0.015,0.001
1775859226455,-0.053,0.045,0.014
1775859226474,-0.089,0.056,0.037
1775859226494,-0.093,0.031,-0.002
1775859226514,-0.032,-0.028,-0.061
1775859226534,0.020,-0.061,-0.076
1775859226554,0.034,-0.058,-0.066
1775859226573,0.045,-0.066,-0.057
1775859226593,0.036,-0.056,-0.039
1775859226613,0.013,0.014,0.020
1775859226633,0.038,0.090,0.092
1775859226652,0.055,0.101,0.112
1775859226672,-0.006,0.101,0.071
1775859226692,-0.051,0.097,0.031
1775859226712,-0.107,0.074,0.032
1775859226731,-0.202,0.092,0.053
1775859226751,-0.140,0.096,0.029
1775859226771,0.032,0.062,0.002
1775859226791,0.102,0.053,-0.010
1775859226811,0.153,0.066,-0.040
1775859226830,0.176,0.024,-0.038
1775859226850,0.052,0.003,-0.033
1775859226870,-0.116,0.007,-0.016
1775859226890,-0.121,-0.014,-0.034
1775859226909,-0.133,-0.093,-0.029
1775859226929,-0.198,-0.081,-0.006
1775859226949,-0.105,-0.028,0.026
1775859226969,0.076,-0.026,0.034
1775859226988,0.162,-0.034,-0.002
1775859227008,0.218,-0.026,-0.021
1775859227028,0.241,-0.058,-0.004
1775859227048,0.167,-0.102,-0.014
1775859227067,0.021,-0.062,0.004
1775859227087,-0.043,0.006,0.047
1775859227107,-0.067,0.007,0.082
1775859227127,-0.072,0.026,0.080
1775859227147,-0.090,0.037,0.064
1775859227166,-0.115,0.019,0.041
1775859227186,-0.054,0.003,0.003
1775859227206,0.038,-0.027,-0.030
1775859227226,0.008,-0.048,-0.043
1775859227245,-0.076,-0.023,-0.017
1775859227265,-0.133,-0.011,-0.023
1775859227285,-0.127,0.010,-0.021
1775859227305,-0.054,0.017,0.044
1775859227324,-0.029,0.022,0.066
1775859227344,-0.020,0.039,0.049
1775859227364,0.009,0.033,0.012
1775859227384,-0.005,0.006,-0.023
1775859227403,-0.042,-0.003,-0.013
1775859227423,-0.046,0.008,-0.061
1775859227443,-0.031,-0.009,-0.084
1775859227463,-0.048,0.029,-0.020
1775859227482,-0.030,0.096,0.022
1775859227502,0.011,0.069,-0.005
1775859227522,0.021,0.027,-0.031
1775859227542,0.010,0.029,-0.020
1775859227562,0.028,0.022,-0.009
1775859227581,0.043,0.000,-0.001
1775859227601,0.051,-0.026,-0.030
1775859227621,0.043,-0.057,-0.042
1775859227641,0.014,-0.038,-0.015
1775859227660,0.005,0.011,-0.015
1775859227680,-0.029,0.023,-0.044
1775859227700,-0.080,0.012,-0.025
1775859227720,-0.094,0.006,-0.018
1775859227739,-0.040,-0.008,-0.032
1775859227759,-0.013,-0.021,-0.024
1775859227779,-0.006,-0.011,0.002
1775859227799,0.002,0.000,0.024
1775859227818,-0.014,0.008,-0.001
1775859227838,-0.003,0.002,-0.025
1775859227858,0.042,-0.017,-0.008
1775859227878,0.037,-0.028,0.024
1775859227897,0.008,-0.022,0.025
1775859227917,0.024,-0.012,0.025
1775859227937,-0.019,0.012,0.029
1775859227957,-0.057,0.027,0.013
1775859227976,-0.014,0.033,0.014
1775859227996,0.028,0.041,0.014
1775859228016,0.019,0.005,-0.026
1775859228036,-0.003,-0.016,-0.030
1775859228055,0.002,-0.006,-0.011
1775859228075,0.009,-0.021,-0.027
1775859228095,-0.007,-0.020,-0.017
1775859228115,-0.003,-0.006,0.011
1775859228135,0.006,0.002,0.025
1775859228154,0.008,-0.015,-0.007
1775859228174,0.010,-0.031,-0.032
1775859228194,0.020,0.011,0.002
1775859228214,0.033,0.029,0.014
1775859228233,0.025,-0.022,-0.017
1775859228253,0.003,-0.063,-0.045
1775859228273,-0.016,-0.045,-0.024
1775859228293,-0.001,-0.006,0.030
1775859228312,0.036,-0.012,0.032
1775859228332,0.047,-0.020,0.021
1775859228352,0.024,-0.031,-0.014
1775859228372,-0.000,-0.034,-0.019
1775859228391,0.019,-0.024,0.005
1775859228411,0.014,-0.039,0.001
1775859228431,-0.001,-0.040,-0.002
1775859228451,-0.001,-0.020,0.003
1775859228470,0.012,-0.030,0.008
1775859228490,0.012,-0.037,0.010
1775859228510,-0.005,-0.029,-0.015
1775859228530,-0.002,-0.021,-0.018
1775859228550,0.028,-0.006,-0.003
1775859228569,0.049,-0.007,-0.002
1775859228589,0.038,-0.016,-0.020
1775859228609,0.021,-0.008,-0.018
1775859228629,0.030,-0.001,0.001
1775859228648,0.032,-0.004,0.002
1775859228668,0.027,-0.017,-0.016
1775859228688,0.009,-0.027,-0.021
1775859228708,-0.025,-0.021,-0.015
1775859228727,-0.021,0.002,-0.011
1775859228747,0.008,0.015,0.000
1775859228767,0.023,0.008,-0.003
1775859228787,0.038,-0.002,-0.003
1775859228806,0.043,0.003,0.011
1775859228826,0.053,0.011,0.036
1775859228846,0.055,0.000,0.034
1775859228866,0.036,-0.012,0.012
1775859228885,0.001,-0.016,-0.012
1775859228905,-0.000,-0.016,0.000
1775859228925,0.026,-0.010,0.018
1775859228945,0.049,-0.021,-0.007
1775859228965,0.027,-0.031,-0.025
1775859228984,0.004,-0.008,0.006
1775859229004,0.000,0.008,0.022
1775859229024,-0.010,-0.020,-0.018
1775859229044,-0.035,-0.025,-0.039
1775859229063,-0.025,0.001,-0.001
1775859229083,0.023,0.015,0.024
1775859229103,0.045,-0.017,-0.011
1775859229123,0.013,-0.029,-0.013
1775859229142,0.001,0.000,0.023
1775859229162,0.009,0.009,0.046
1775859229182,0.034,0.003,0.038
1775859229202,0.058,-0.035,0.000
1775859229221,0.018,-0.095,-0.033
1775859229241,-0.061,-0.102,-0.025
1775859229261,-0.066,-0.073,-0.016
1775859229281,-0.052,-0.060,0.001
1775859229300,-0.050,-0.026,0.031
1775859229320,-0.068,0.025,0.061
1775859229340,-0.075,0.046,0.057
1775859229360,-0.067,0.017,0.017
1775859229380,-0.049,-0.005,0.002
1775859229399,0.009,-0.003,-0.020
1775859229419,0.037,-0.033,-0.040
1775859229439,-0.035,-0.050,-0.056
1775859229459,-0.115,0.004,-0.016
1775859229478,-0.099,0.053,0.048
1775859229498,-0.033,0.010,0.049
1775859229518,0.031,-0.062,-0.021
1775859229538,0.031,-0.103,-0.067
1775859229557,-0.005,-0.061,-0.013
1775859229577,-0.006,-0.021,0.006
1775859229597,-0.024,-0.033,-0.020
1775859229617,-0.037,0.029,0.024
1775859229636,0.007,0.104,0.065
1775859229656,0.033,0.098,0.071
1775859229676,0.018,0.064,0.010
1775859229696,-0.010,0.005,-0.069
1775859229715,-0.031,-0.015,-0.061
1775859229735,-0.035,0.049,0.010
1775859229755,-0.050,0.103,0.045
1775859229775,-0.069,0.065,0.017
1775859229794,-0.076,0.009,-0.028
1775859229814,-0.053,-0.043,-0.052
1775859229834,-0.056,-0.063,-0.062
1775859229854,-0.061,-0.005,-0.004
1775859229874,-0.004,0.062,0.073
1775859229893,-0.010,0.069,0.075
1775859229913,-0.035,0.046,0.026
1775859229933,-0.040,0.009,-0.021
1775859229953,-0.050,-0.006,-0.025
1775859229972,-0.092,0.019,0.006
1775859229992,-0.102,0.028,-0.007
1775859230012,-0.039,0.013,-0.031
1775859230032,-0.007,0.018,-0.010
1775859230051,-0.029,0.021,-0.006
1775859230071,-0.014,0.009,-0.022
1775859230091,0.007,0.006,-0.010
1775859230111,0.027,0.005,-0.017
1775859230130,0.046,-0.003,-0.032
1775859230150,0.050,0.000,-0.012
1775859230170,0.053,0.010,-0.000
1775859230190,0.052,0.016,-0.001
1775859230209,0.036,0.018,0.021
1775859230229,0.041,0.034,0.049
1775859230249,0.056,0.046,0.057
1775859230269,0.032,0.051,0.031
1775859230289,0.007,0.054,0.034
1775859230308,0.010,0.064,0.065
1775859230328,-0.006,0.055,0.064
1775859230348,-0.046,0.048,0.050
1775859230368,-0.046,0.098,0.057
1775859230387,0.003,0.110,0.050
1775859230407,0.018,0.062,0.021
1775859230427,-0.028,0.065,0.022
1775859230447,-0.072,0.063,0.021
1775859230466,-0.048,0.020,-0.007
1775859230486,0.002,-0.003,0.002
1775859230506,0.032,0.009,0.002
1775859230526,0.035,0.034,0.009
1775859230545,0.041,0.022,-0.002
1775859230565,0.041,-0.002,-0.033
1775859230585,0.028,0.021,-0.024
1775859230605,0.012,0.052,-0.023
1775859230624,-0.012,0.048,-0.031
1775859230644,0.001,0.008,-0.012
1775859230664,0.011,-0.025,-0.030
1775859230684,-0.008,-0.015,-0.020
1775859230703,-0.000,-0.001,0.015
1775859230723,0.013,-0.031,-0.004
1775859230743,0.011,-0.050,-0.033
1775859230763,-0.005,-0.047,-0.024
1775859230783,-0.030,-0.040,-0.007
1775859230802,-0.029,-0.036,-0.011
1775859230822,-0.019,-0.019,0.000
1775859230842,0.000,-0.009,0.008
1775859230862,-0.015,-0.013,-0.004
1775859230881,-0.049,-0.007,-0.013
1775859230901,-0.031,0.006,-0.007
1775859230921,-0.011,-0.015,-0.017
1775859230941,0.000,-0.044,-0.029
1775859230960,0.003,-0.045,-0.020
1775859230980,0.006,-0.046,-0.016
1775859231000,-0.005,-0.052,-0.029
1775859231020,0.001,-0.042,0.003
1775859231039,0.018,-0.026,0.011
1775859231059,0.017,-0.028,0.007
1775859231079,-0.007,-0.006,0.031
1775859231099,-0.023,0.017,0.039
1775859231119,-0.014,0.005,0.026
1775859231138,-0.002,-0.022,-0.013
1775859231158,0.008,-0.033,-0.044
1775859231178,0.031,-0.030,-0.046
1775859231198,0.023,-0.024,-0.017
1775859231217,-0.001,-0.019,-0.012
1775859231237,-0.008,-0.016,-0.009
1775859231257,0.015,-0.004,0.005
1775859231277,0.031,0.006,0.018
1775859231296,0.026,-0.009,-0.002
1775859231316,0.009,-0.023,-0.008
1775859231336,-0.002,0.000,0.022
1775859231356,-0.002,0.002,0.008
1775859231375,0.024,-0.028,-0.010
1775859231395,0.046,-0.029,-0.011
1775859231415,0.040,-0.011,0.002
1775859231435,0.039,0.003,0.009
1775859231454,0.051,0.001,-0.013
1775859231474,0.053,0.005,-0.020
1775859231494,0.049,0.021,-0.025
1775859231514,0.047,0.015,-0.042
1775859231533,0.031,-0.016,-0.033
1775859231553,-0.008,-0.029,-0.020
1775859231573,-0.021,-0.030,-0.014
1775859231593,0.004,-0.037,0.007
1775859231613,0.014,-0.042,0.020
1775859231632,-0.032,-0.040,0.017
1775859231652,-0.058,-0.026,-0.003
1775859231672,-0.022,-0.010,0.038
1775859231692,0.020,0.006,0.034
1775859231711,0.042,0.010,-0.001
1775859231731,0.023,0.022,0.006
1775859231751,0.001,0.038,0.006
1775859231771,0.028,0.027,-0.020
1775859231790,0.054,0.027,-0.025
1775859231810,0.067,0.049,0.004
1775859231830,0.061,0.048,0.001
1775859231850,0.038,0.009,-0.050
1775859231869,0.021,-0.022,-0.056
1775859231889,0.009,-0.010,-0.000
1775859231909,-0.030,-0.005,0.003
1775859231929,-0.063,-0.023,-0.024
1775859231948,-0.059,-0.020,-0.001
1775859231968,-0.038,0.001,0.035
1775859231988,-0.038,-0.009,0.013
1775859232008,-0.010,-0.022,-0.013
1775859232047,0.042,0.001,0.030
1775859232067,0.020,-0.004,-0.001
1775859232087,0.002,-0.002,-0.011
1775859232106,0.024,0.011,0.013
1775859232126,0.031,0.003,0.021
1775859232146,-0.009,-0.013,-0.010
1775859232166,-0.033,-0.022,-0.027
1775859232185,0.006,-0.013,0.001
1775859232205,0.047,0.001,0.013
1775859232225,0.055,0.002,0.009
1775859232245,0.020,0.000,-0.004
1775859232265,-0.036,0.007,-0.006
1775859232284,-0.055,0.021,0.014
1775859232304,-0.054,0.028,0.024
1775859232324,-0.032,0.033,0.023
1775859232344,0.018,0.041,0.040
1775859232363,0.070,0.032,0.043
1775859232383,0.055,-0.017,0.006
1775859232403,-0.034,-0.032,-0.010
1775859232423,-0.072,0.004,0.004
1775859232442,-0.027,-0.000,0.016
1775859232462,0.019,-0.032,-0.009
1775859232482,0.014,-0.068,-0.046
1775859232502,-0.084,-0.064,-0.041
1775859232521,-0.134,-0.012,-0.020
1775859232541,-0.043,0.012,0.016
1775859232561,0.068,-0.009,0.010
1775859232581,0.020,-0.016,-0.023
1775859232600,-0.045,0.024,-0.016
1775859232620,0.019,0.041,0.000
1775859232640,0.049,0.023,0.001
1775859232660,0.037,0.042,-0.011
1775859232679,0.030,0.063,0.023
1775859232699,-0.011,0.059,0.022
1775859232719,-0.094,0.046,-0.019
1775859232739,-0.156,0.065,-0.020
1775859232759,-0.101,0.105,0.005
1775859232778,0.002,0.070,-0.029
1775859232798,0.008,0.041,-0.049
1775859232818,0.006,0.068,-0.034
1775859232838,0.014,0.061,-0.016
1775859232857,-0.001,0.036,-0.010
1775859232877,-0.045,0.009,-0.021
1775859232897,-0.096,-0.007,-0.022
1775859232917,-0.131,0.002,-0.005
1775859232936,-0.103,-0.022,0.009
1775859232956,-0.079,-0.063,0.009
1775859232976,-0.056,-0.049,0.005
1775859232996,-0.007,-0.019,0.023
1775859233015,0.021,-0.001,0.019
1775859233035,0.035,0.012,0.009
1775859233055,0.025,-0.002,0.018
1775859233075,-0.022,-0.018,-0.005
1775859233095,-0.073,0.008,0.002
1775859233114,-0.064,0.037,0.043
1775859233134,0.005,0.016,0.037
1775859233154,0.070,-0.018,-0.017
1775859233174,0.108,-0.021,-0.032
1775859233193,0.095,0.003,-0.014
1775859233213,0.073,0.004,-0.012
1775859233233,0.031,-0.027,-0.046
1775859233253,-0.042,-0.042,-0.059
1775859233272,-0.089,-0.049,-0.049
1775859233292,-0.085,-0.059,-0.025
1775859233312,-0.051,-0.035,0.004
1775859233332,-0.031,0.007,0.018
1775859233351,0.001,0.019,0.011
1775859233371,0.051,0.010,-0.005
1775859233391,0.060,0.015,0.016
1775859233411,0.030,0.021,0.010
1775859233431,0.015,-0.010,-0.016
1775859233450,0.035,-0.046,-0.012
1775859233470,0.034,-0.049,-0.008
1775859233490,0.020,-0.039,0.003
1775859233510,0.014,-0.022,0.022
1775859233529,0.003,-0.003,0.015
1775859233549,-0.008,0.008,0.007
1775859233569,0.009,0.007,0.006
1775859233589,0.015,-0.003,0.002
1775859233608,0.022,-0.013,-0.007
1775859233628,0.044,-0.010,0.000
1775859233648,0.064,-0.009,-0.001
1775859233668,0.045,-0.010,-0.007
1775859233688,0.028,0.005,-0.010
1775859233707,0.037,0.011,-0.016
1775859233727,0.063,0.010,-0.019
1775859233747,0.097,0.010,-0.016
1775859233767,0.117,0.000,-0.017
1775859233786,0.099,-0.018,-0.013
1775859233806,0.046,-0.031,0.003
1775859233826,0.030,-0.029,0.008
1775859233846,0.024,-0.028,0.000
1775859233865,-0.005,-0.019,-0.002
1775859233885,-0.033,0.004,0.021
1775859233905,-0.025,0.026,0.021
1775859233925,0.011,0.018,0.008
1775859233944,0.058,0.023,0.021
1775859233964,0.091,0.032,0.019
1775859233984,0.106,0.028,0.018
1775859234004,0.091,0.010,0.011
1775859234024,0.059,0.001,-0.006
1775859234043,0.036,-0.009,-0.009
1775859234063,0.035,-0.031,-0.013
1775859234083,0.033,-0.046,-0.021
1775859234103,0.019,-0.030,-0.015
1775859234122,0.008,-0.003,-0.021
1775859234142,0.016,0.006,-0.027
1775859234162,0.018,0.008,-0.052
1775859234182,-0.004,-0.027,-0.050
1775859234201,-0.009,-0.064,-0.009
1775859234221,-0.028,-0.058,0.039
1775859234241,-0.025,-0.055,0.048
1775859234261,-0.002,-0.056,0.042
1775859234281,0.023,-0.019,0.019
1775859234300,0.026,0.010,0.004
1775859234320,0.019,0.017,0.004
1775859234340,0.005,0.015,-0.009
1775859234360,0.000,0.009,-0.017
1775859234379,0.001,0.001,0.013
1775859234399,0.022,0.000,0.031
1775859234419,0.049,0.001,0.013
1775859234439,0.044,-0.003,-0.004
1775859234458,0.025,-0.004,-0.002
1775859234478,-0.003,0.021,0.027
1775859234498,-0.009,0.041,0.027
1775859234518,0.022,0.017,-0.008
1775859234537,0.071,0.007,-0.007
1775859234557,0.116,0.005,-0.012
1775859234577,0.147,0.003,-0.009
1775859234597,0.161,0.015,0.016
1775859234617,0.162,0.017,0.012
1775859234636,0.097,-0.016,0.000
1775859234656,-0.011,-0.014,0.031
1775859234676,-0.072,0.027,0.051
1775859234696,-0.069,-0.004,0.014
1775859234715,-0.071,-0.048,-0.020
1775859234735,-0.083,-0.021,-0.006
1775859234755,-0.055,0.019,0.025
1775859234775,-0.016,0.012,0.008
1775859234794,0.010,-0.001,-0.006
1775859234814,-0.010,-0.004,-0.004
1775859234834,-0.054,0.013,0.003
1775859234854,-0.039,0.033,0.017
1775859234873,-0.002,0.047,0.028
1775859234893,0.040,0.052,0.031
1775859234913,0.041,0.043,0.007
1775859234933,-0.009,0.033,-0.024
1775859234953,-0.055,0.021,-0.029
1775859234972,-0.078,0.015,-0.016
1775859234992,-0.075,0.026,0.000
1775859235012,-0.057,0.027,0.028
1775859235032,-0.046,0.029,0.056
1775859235051,-0.049,0.032,0.066
1775859235071,-0.035,0.024,0.051
1775859235091,-0.027,0.013,0.048
1775859235111,-0.027,0.017,0.053
1775859235130,-0.001,0.009,0.026
1775859235150,0.024,-0.013,-0.010
1775859235170,0.012,-0.015,-0.004
1775859235190,-0.013,0.003,0.001
1775859235209,-0.005,-0.004,-0.019
1775859235229,0.025,-0.023,-0.018
1775859235249,0.004,-0.034,-0.009
1775859235269,-0.061,-0.033,-0.015
1775859235289,-0.092,-0.032,-0.020
1775859235308,-0.042,-0.042,0.004
1775859235328,-0.007,-0.036,0.015
1775859235348,-0.049,-0.014,0.015
1775859235368,-0.053,0.000,0.006
1775859235387,-0.008,-0.005,0.012
1775859235407,0.041,-0.007,0.014
1775859235427,0.022,-0.003,-0.003
1775859235447,-0.003,0.007,-0.012
1775859235466,-0.002,0.006,-0.011
1775859235486,0.020,0.002,-0.011
1775859235506,0.041,-0.012,-0.023
1775859235526,0.026,-0.024,-0.026
1775859235546,0.009,-0.028,-0.021
1775859235565,-0.011,-0.024,-0.032
1775859235585,-0.031,-0.012,-0.008
1775859235605,-0.022,0.018,0.030
1775859235625,-0.039,0.036,0.042
1775859235644,-0.096,0.050,0.030
1775859235664,-0.135,0.058,0.028
1775859235684,-0.138,0.031,0.024
1775859235704,-0.122,-0.012,-0.029
1775859235723,-0.060,-0.045,-0.058
1775859235743,0.001,-0.056,-0.034
1775859235763,0.013,-0.065,-0.027
1775859235783,-0.011,-0.049,-0.018
1775859235802,-0.029,-0.017,0.002
1775859235822,-0.033,-0.010,0.012
1775859235842,-0.043,-0.027,-0.030
1775859235862,-0.030,-0.016,-0.029
1775859235882,0.016,0.022,0.016
1775859235901,0.029,0.033,0.020
1775859235921,0.016,0.013,-0.021
1775859235941,0.003,0.004,-0.029
1775859235961,-0.007,0.023,-0.003
1775859235980,-0.038,0.023,-0.013
1775859236000,-0.043,0.004,-0.026
1775859236020,-0.032,0.023,0.000
1775859236040,-0.008,0.049,0.027
1775859236059,0.021,0.047,0.033
1775859236079,0.025,0.038,0.022
1775859236099,0.015,0.020,-0.004
1775859236119,-0.027,-0.002,-0.033
1775859236138,-0.073,-0.020,-0.032
1775859236158,-0.092,-0.040,-0.040
1775859236178,-0.093,-0.043,-0.035
1775859236198,-0.068,-0.007,0.011
1775859236218,-0.021,0.020,0.041
1775859236237,0.006,0.010,0.026
1775859236257,0.019,0.006,0.022
1775859236277,0.004,0.031,0.038
1775859236297,0.001,0.038,0.032
1775859236316,-0.012,0.009,-0.002
1775859236336,-0.013,0.005,-0.003
1775859236356,-0.032,0.005,-0.001
1775859236376,-0.033,-0.002,-0.004
1775859236395,-0.012,0.007,-0.004
1775859236415,0.023,0.018,-0.007
1775859236435,0.067,0.011,-0.013
1775859236455,0.093,-0.004,-0.018
1775859236475,0.085,-0.013,-0.011
1775859236494,0.057,-0.000,0.002
1775859236514,0.050,0.007,0.003
1775859236534,0.050,-0.004,-0.008
1775859236554,0.048,-0.016,-0.013
1775859236573,0.045,-0.020,0.000
1775859236593,0.049,-0.023,0.021
1775859236613,0.073,-0.010,0.030
1775859236633,0.087,-0.011,0.030
1775859236652,0.078,-0.017,0.028
1775859236672,0.094,-0.032,0.003
1775859236692,0.104,-0.041,-0.015
1775859236712,0.110,-0.012,0.015
1775859236731,0.142,-0.003,0.025
1775859236751,0.173,-0.027,0.018
1775859236771,0.198,-0.036,0.022
1775859236791,0.220,-0.029,0.028
1775859236811,0.243,-0.047,0.012
1775859236830,0.197,-0.080,-0.009
1775859236850,0.116,-0.075,-0.024
1775859236870,0.086,-0.040,-0.030
1775859236890,0.052,-0.022,-0.019
1775859236909,0.014,-0.013,-0.016
1775859236929,-0.010,-0.008,-0.012
1775859236949,0.030,0.017,0.024
1775859236969,0.085,0.018,0.021
1775859236988,0.086,-0.006,-0.011
1775859237008,0.124,0.002,-0.017
1775859237028,0.187,0.007,-0.007
1775859237048,0.174,-0.024,-0.017
1775859237067,0.130,-0.019,-0.020
1775859237087,0.153,-0.006,0.005
1775859237107,0.146,-0.016,0.015
1775859237127,0.087,-0.021,-0.002
1775859237147,0.086,-0.031,-0.029
1775859237166,0.125,-0.045,0.003
1775859237186,0.131,-0.054,0.028
1775859237206,0.127,-0.059,0.002
1775859237226,0.144,-0.038,-0.002
1775859237245,0.183,-0.011,0.022
1775859237265,0.150,-0.038,0.010
1775859237285,0.110,-0.040,0.006
1775859237305,0.177,-0.036,0.012
1775859237324,0.219,-0.075,0.012
1775859237344,0.149,-0.081,0.009
1775859237364,0.121,-0.053,-0.009
1775859237384,0.196,-0.058,-0.005
1775859237403,0.250,-0.063,0.018
1775859237423,0.260,-0.073,0.000
1775859237443,0.294,-0.096,-0.012
1775859237463,0.299,-0.082,0.010
1775859237483,0.276,-0.053,0.003
1775859237502,0.289,-0.080,-0.033
1775859237522,0.263,-0.102,-0.029
1775859237542,0.198,-0.084,-0.008
1775859237562,0.191,-0.076,0.000
1775859237581,0.257,-0.065,0.020
1775859237601,0.284,-0.067,0.049
1775859237621,0.236,-0.038,0.020
1775859237641,0.182,-0.043,-0.033
1775859237660,0.164,-0.052,-0.042
1775859237680,0.176,-0.043,-0.033
1775859237700,0.124,-0.035,-0.032
1775859237720,0.034,-0.005,-0.021
1775859237739,-0.042,0.011,-0.007
1775859237759,-0.102,0.000,0.006
1775859237779,-0.142,-0.037,-0.010
1775859237799,-0.115,-0.018,0.020
1775859237818,-0.115,0.036,0.026
1775859237838,-0.118,0.031,-0.013
1775859237858,-0.085,0.005,-0.035
1775859237878,-0.070,0.022,-0.013
1775859237897,-0.130,0.038,-0.016
1775859237917,-0.254,0.032,-0.042
1775859237937,-0.348,0.011,-0.054
1775859237957,-0.369,-0.029,-0.076
1775859237977,-0.348,-0.093,-0.089
1775859237996,-0.362,-0.120,-0.072
1775859238016,-0.389,-0.114,-0.049
1775859238036,-0.408,-0.097,-0.033
1775859238056,-0.417,-0.118,-0.031
1775859238075,-0.453,-0.133,-0.044
1775859238095,-0.438,-0.120,-0.042
1775859238115,-0.363,-0.099,-0.012
1775859238135,-0.324,-0.101,0.011
1775859238154,-0.347,-0.095,0.017
1775859238174,-0.350,-0.081,0.025
1775859238194,-0.323,-0.086,0.023
1775859238214,-0.267,-0.077,0.033
1775859238233,-0.237,-0.052,0.028
1775859238253,-0.263,-0.050,0.002
1775859238273,-0.283,-0.062,0.010
1775859238293,-0.268,-0.043,0.038
1775859238313,-0.219,-0.026,0.056
1775859238332,-0.197,-0.035,0.047
1775859238352,-0.209,-0.035,0.045
1775859238372,-0.210,-0.000,0.067
1775859238392,-0.212,0.012,0.048
1775859238411,-0.224,0.019,0.043
1775859238431,-0.209,0.040,0.048
1775859238451,-0.179,0.037,0.064
1775859238471,-0.156,0.041,0.069
1775859238490,-0.130,0.094,0.088
1775859238510,-0.093,0.128,0.076
1775859238530,-0.076,0.088,0.034
1775859238550,-0.077,0.071,0.019
1775859238570,-0.089,0.089,0.036
1775859238589,-0.055,0.094,0.034
1775859238609,-0.010,0.099,-0.000
1775859238629,0.002,0.104,0.029
1775859238649,-0.003,0.106,0.070
1775859238668,0.013,0.092,0.067
1775859238688,0.021,0.076,0.061
1775859238708,0.014,0.068,0.058
1775859238728,0.018,0.042,0.020
1775859238747,0.013,0.033,0.011
1775859238767,0.000,0.050,0.036
1775859238787,0.014,0.076,0.081
1775859238807,0.021,0.096,0.105
1775859238826,0.023,0.091,0.081
1775859238846,0.010,0.063,0.042
1775859238866,-0.009,0.050,0.032
1775859238886,-0.006,0.073,0.069
1775859238905,-0.006,0.048,0.022
1775859238925,-0.018,0.016,-0.021
1775859238945,-0.009,0.059,0.031
1775859238965,0.026,0.095,0.068
1775859238985,0.005,0.046,0.023
1775859239004,-0.012,0.006,-0.014
1775859239024,-0.020,0.057,0.039
1775859239044,0.004,0.054,0.013
1775859239064,0.016,0.001,-0.070
1775859239083,0.011,0.000,-0.058
1775859239103,0.013,0.031,-0.014
1775859239123,0.007,0.026,-0.023
1775859239143,0.010,0.023,-0.066
1775859239162,0.035,0.036,-0.061
1775859239182,0.020,0.018,-0.033
1775859239202,0.027,0.023,-0.050
1775859239222,0.027,0.052,-0.064
1775859239241,0.019,0.011,-0.059
1775859239261,-0.008,-0.021,-0.016
1775859239281,-0.008,0.010,-0.003
1775859239301,0.025,0.033,-0.016
1775859239321,0.043,0.005,-0.032
1775859239340,0.015,0.036,-0.029
1775859239360,0.021,0.085,0.002
1775859239380,0.028,0.035,-0.003
1775859239400,0.031,-0.005,-0.020
1775859239419,0.037,0.024,-0.004
1775859239439,0.031,0.029,0.019
1775859239459,0.044,0.004,0.032
1775859239479,0.100,0.033,0.033
1775859239498,0.107,0.037,0.045
1775859239518,0.080,0.025,0.041
1775859239538,0.059,0.048,0.022
1775859239558,0.041,0.081,0.046
1775859239577,0.031,0.100,0.084
1775859239597,0.031,0.102,0.097
1775859239617,0.051,0.078,0.075
1775859239637,0.063,0.067,0.036
1775859239657,0.062,0.037,0.001
1775859239676,0.067,0.006,-0.015
1775859239696,0.055,-0.012,0.029
1775859239716,0.061,-0.046,0.087
1775859239736,0.088,-0.102,0.088
1775859239755,0.108,-0.132,0.082
1775859239775,0.099,-0.152,0.069
1775859239795,0.101,-0.170,0.048
1775859239815,0.091,-0.181,0.017
1775859239834,0.055,-0.195,-0.016
1775859239854,0.070,-0.206,0.014
1775859239874,0.092,-0.197,0.044
1775859239894,0.068,-0.207,0.005
1775859239913,0.109,-0.207,-0.024
1775859239933,0.157,-0.168,-0.013
1775859239953,0.140,-0.141,-0.026
1775859239973,0.147,-0.123,-0.004
1775859239993,0.140,-0.099,-0.007
1775859240012,0.138,-0.089,-0.028
1775859240032,0.155,-0.075,-0.024
1775859240052,0.151,-0.062,-0.057
1775859240072,0.133,-0.052,-0.076
1775859240091,0.169,-0.039,-0.063
1775859240111,0.177,-0.036,-0.085
1775859240131,0.142,-0.039,-0.082
1775859240151,0.131,-0.048,-0.077
1775859240170,0.137,-0.051,-0.087
1775859240190,0.105,-0.056,-0.083
1775859240210,0.084,-0.064,-0.080
1775859240230,0.133,-0.067,-0.083
1775859240249,0.161,-0.065,-0.093
1775859240269,0.150,-0.071,-0.094
1775859240289,0.120,-0.075,-0.105
1775859240309,0.119,-0.083,-0.104
1775859240328,0.131,-0.080,-0.088
1775859240348,0.133,-0.065,-0.080
1775859240368,0.145,-0.067,-0.076
1775859240388,0.168,-0.071,-0.069
1775859240408,0.159,-0.077,-0.071
1775859240427,0.149,-0.071,-0.056
1775859240447,0.173,-0.055,-0.035
1775859240467,0.201,-0.033,-0.018
1775859240487,0.203,-0.012,-0.004
1775859240506,0.188,0.016,-0.005
1775859240526,0.165,0.037,0.001
1775859240546,0.142,0.049,0.010
1775859240566,0.126,0.080,0.017
1775859240585,0.136,0.115,0.007
1775859240605,0.133,0.127,0.001
1775859240625,0.107,0.126,-0.015
1775859240645,0.102,0.136,-0.018
1775859240664,0.109,0.146,-0.026
1775859240684,0.098,0.151,-0.031
1775859240704,0.099,0.162,-0.039
1775859240724,0.141,0.147,-0.068
