relative_path,exercise,person,session,analyzer,rep_index,start_s,end_s,center_s,duration_s,boundary_start_s,set_index,synthetic
bench\Chandler\bench-press-chandler-2026-april-11-2026-04-12_00-11-36,bench,Chandler,bench-press-chandler-2026-april-11-2026-04-12_00-11-36,FINALREP,1,3.117635498046875,4.32445849609375,3.6003645019531247,1.2068229980468752,3.117635498046875,1,True
bench\Chandler\bench-press-chandler-2026-april-11-2026-04-12_00-11-36,bench,Chandler,bench-press-chandler-2026-april-11-2026-04-12_00-11-36,FINALREP,2,3.6003645019531247,6.979473632812501,6.25537744140625,3.379109130859376,4.32445849609375,1,False
bench\Chandler\bench-press-chandler-2026-april-11-2026-04-12_00-11-36,bench,Chandler,bench-press-chandler-2026-april-11-2026-04-12_00-11-36,FINALREP,3,6.25537744140625,7.763910888671876,7.371692260742188,1.5085334472656253,6.979473632812501,1,True
bench\Chandler\bench-press-chandler-2026-april-11-2026-04-12_00-11-36,bench,Chandler,bench-press-chandler-2026-april-11-2026-04-12_00-11-36,FINALREP,4,38.477751953125,41.17298266601563,40.247753906250004,2.695230712890627,39.28229931640625,2,False
bench\Chandler\bench-press-chandler-2026-april-11-2026-04-12_00-11-36,bench,Chandler,bench-press-chandler-2026-april-11-2026-04-12_00-11-36,FINALREP,5,40.247753906250004,42.90275415039063,42.05798193359375,2.6550002441406235,41.17298266601563,2,False
bench\Spencer\BB_BENCH_1x8-2026-03-14_21-00-19,bench,Spencer,BB_BENCH_1x8-2026-03-14_21-00-19,FINALREP,1,1.9273564453124998,5.305264434814453,4.357082092285236,3.3779079895019533,1.9273564453124998,1,True
bench\Spencer\BB_BENCH_1x8-2026-03-14_21-00-19,bench,Spencer,BB_BENCH_1x8-2026-03-14_21-00-19,FINALREP,2,4.357082092285236,9.239020507812501,7.272142471313478,4.881938415527266,5.305264434814453,1,True
bench\Spencer\BB_BENCH_1x8-2026-03-14_21-00-19,bench,Spencer,BB_BENCH_1x8-2026-03-14_21-00-19,FINALREP,3,7.272142471313478,12.06108041381836,10.359020751953125,4.788937942504882,9.239020507812501,1,True
bench\Spencer\BB_BENCH_1x8-2026-03-14_21-00-19,bench,Spencer,BB_BENCH_1x8-2026-03-14_21-00-19,FINALREP,4,10.359020751953125,15.438988403320312,13.750034408569336,5.079967651367188,12.06108041381836,1,True
bench\Spencer\BB_BENCH_1x8-2026-03-14_21-00-19,bench,Spencer,BB_BENCH_1x8-2026-03-14_21-00-19,FINALREP,5,56.29494384765625,57.74546875,56.95902075195312,1.4505249023437514,55.63902075195312,2,True
bench\Spencer\BB_BENCH_1x8-2026-03-14_21-00-19,bench,Spencer,BB_BENCH_1x8-2026-03-14_21-00-19,FINALREP,6,56.95902075195312,59.195993652343745,58.47073120117187,2.236972900390626,57.74546875,2,True
bench\Spencer\BB_BENCH_1x8-2026-03-14_21-00-19,bench,Spencer,BB_BENCH_1x8-2026-03-14_21-00-19,FINALREP,7,56.96002075195312,61.7990205078125,61.084020751953034,4.838999755859383,59.195993652343745,2,True
bench\Spencer\DB_Bench_1x10-2026-03-14_20-56-01,bench,Spencer,DB_Bench_1x10-2026-03-14_20-56-01,plot_multi_accel_updated,1,5.839062213897705,12.239062309265137,9.039062261581421,6.400000095367432,5.839062213897705,,False
bench\Spencer\DB_Bench_1x10-2026-03-14_20-56-01,bench,Spencer,DB_Bench_1x10-2026-03-14_20-56-01,plot_multi_accel_updated,2,12.239062309265137,19.31906223297119,15.779062271118164,7.079999923706055,12.239062309265137,,False
bench\Spencer\DB_Bench_1x10-2026-03-14_20-56-01,bench,Spencer,DB_Bench_1x10-2026-03-14_20-56-01,plot_multi_accel_updated,3,19.31906223297119,25.03906226158142,22.179062247276306,5.7200000286102295,19.31906223297119,,False
bench\Spencer\DB_Bench_1x10-2026-03-14_20-56-01,bench,Spencer,DB_Bench_1x10-2026-03-14_20-56-01,plot_multi_accel_updated,4,25.03906226158142,33.47906231880188,29.25906229019165,8.440000057220459,25.03906226158142,,False
bench\Spencer\DB_Bench_1x10-2026-03-14_20-56-01,bench,Spencer,DB_Bench_1x10-2026-03-14_20-56-01,plot_multi_accel_updated,5,33.47906231880188,40.15906238555908,36.81906235218048,6.680000066757202,33.47906231880188,,False
lunges\Chandler\lunges-chandler-burke-2026-april-11-2026-04-12_00-15-35,lunges,Chandler,lunges-chandler-burke-2026-april-11-2026-04-12_00-15-35,FINALREP,1,2.111894165039063,4.74673486328125,2.7555717773436657,2.6348406982421873,2.111894165039063,1,True
lunges\Chandler\lunges-chandler-burke-2026-april-11-2026-04-12_00-15-35,lunges,Chandler,lunges-chandler-burke-2026-april-11-2026-04-12_00-15-35,FINALREP,2,2.1128941650390627,9.694600585937499,7.039648681640625,7.581706420898437,4.74673486328125,1,False
lunges\Chandler\lunges-chandler-burke-2026-april-11-2026-04-12_00-15-35,lunges,Chandler,lunges-chandler-burke-2026-april-11-2026-04-12_00-15-35,FINALREP,3,7.039648681640625,14.220084716796876,11.786380126953123,7.180436035156251,9.694600585937499,1,False
lunges\Chandler\lunges-chandler-burke-2026-april-11-2026-04-12_00-15-35,lunges,Chandler,lunges-chandler-burke-2026-april-11-2026-04-12_00-15-35,FINALREP,4,11.786380126953123,18.604770751953126,16.271636718750003,6.818390625000003,14.220084716796876,1,False
lunges\Chandler\lunges-chandler-burke-2026-april-11-2026-04-12_00-15-35,lunges,Chandler,lunges-chandler-burke-2026-april-11-2026-04-12_00-15-35,FINALREP,5,16.271636718750003,20.894866244229405,20.716658935546878,4.6232295254794025,18.604770751953126,1,True
lunges\Chandler\lunges-chandler-burke-2026-april-11-2026-04-12_00-15-35,lunges,Chandler,lunges-chandler-burke-2026-april-11-2026-04-12_00-15-35,FINALREP,6,20.716658935546878,23.311262207031252,22.103064225630327,2.594603271484374,20.894866244229405,1,True
lunges\Chandler\lunges-chandler-burke-2026-april-11-2026-04-12_00-15-35,lunges,Chandler,lunges-chandler-burke-2026-april-11-2026-04-12_00-15-35,FINALREP,7,20.71765893554688,27.575257812500002,25.201903564453126,6.857598876953123,23.311262207031252,1,False
lunges\Chandler\lunges-chandler-burke-2026-april-11-2026-04-12_00-15-35,lunges,Chandler,lunges-chandler-burke-2026-april-11-2026-04-12_00-15-35,FINALREP,8,25.201903564453126,31.758792724609375,29.586572998046876,6.556889160156249,27.575257812500002,1,False
lunges\Chandler\lunges-chandler-burke-2026-april-11-2026-04-12_00-15-35,lunges,Chandler,lunges-chandler-burke-2026-april-11-2026-04-12_00-15-35,FINALREP,9,29.586572998046876,35.9423173828125,33.68965087890625,6.355744384765622,31.758792724609375,1,False
lunges\Chandler\lunges-chandler-burke-2026-april-11-2026-04-12_00-15-35,lunges,Chandler,lunges-chandler-burke-2026-april-11-2026-04-12_00-15-35,FINALREP,10,33.68965087890625,40.06549609375,37.832946044921876,6.37584521484375,35.9423173828125,1,False
lunges\Chandler\lunges-chandler-burke-2026-april-11-2026-04-12_00-15-35,lunges,Chandler,lunges-chandler-burke-2026-april-11-2026-04-12_00-15-35,FINALREP,11,37.832946044921876,43.98754174804688,41.79521997070312,6.154595703125004,40.06549609375,1,False
lunges\Chandler\lunges-chandler-burke-2026-april-11-2026-04-12_00-15-35,lunges,Chandler,lunges-chandler-burke-2026-april-11-2026-04-12_00-15-35,FINALREP,12,53.4004267578125,56.7592841796875,54.76810498046875,3.358857421875001,53.319974853515625,2,False
lunges\Chandler\lunges-chandler-burke-2026-april-11-2026-04-12_00-15-35,lunges,Chandler,lunges-chandler-burke-2026-april-11-2026-04-12_00-15-35,FINALREP,13,54.76810498046875,60.218698974609374,58.16718603515625,5.450593994140625,56.7592841796875,2,False
lunges\Chandler\lunges-chandler-burke-2026-april-11-2026-04-12_00-15-35,lunges,Chandler,lunges-chandler-burke-2026-april-11-2026-04-12_00-15-35,FINALREP,14,58.16718603515625,63.316075927734374,61.385243896484376,5.148889892578126,60.218698974609374,2,False
lunges\Oliver\lunges_--_12_not_failure-2026-04-12_19-24-34,lunges,Oliver,lunges_--_12_not_failure-2026-04-12_19-24-34,FINALREP,1,13.904527099609375,18.452162353515625,17.144215087890625,4.54763525390625,13.904527099609375,1,True
lunges\Oliver\lunges_--_12_not_failure-2026-04-12_19-24-34,lunges,Oliver,lunges_--_12_not_failure-2026-04-12_19-24-34,FINALREP,2,17.144215087890625,20.04494396033654,19.248553156926082,2.9007288724459137,18.452162353515625,1,True
lunges\Oliver\lunges_--_12_not_failure-2026-04-12_19-24-34,lunges,Oliver,lunges_--_12_not_failure-2026-04-12_19-24-34,FINALREP,3,20.060942138671876,21.933314208984378,20.061942138671878,1.872372070312501,20.04494396033654,1,True
lunges\Oliver\lunges_--_12_not_failure-2026-04-12_19-24-34,lunges,Oliver,lunges_--_12_not_failure-2026-04-12_19-24-34,FINALREP,4,20.061942138671878,26.9840107421875,23.100406005859377,6.922068603515623,21.933314208984378,1,False
lunges\Oliver\lunges_--_12_not_failure-2026-04-12_19-24-34,lunges,Oliver,lunges_--_12_not_failure-2026-04-12_19-24-34,FINALREP,5,23.180881738281258,30.0627275390625,28.955999023437506,6.881845800781242,26.9840107421875,1,False
lunges\Oliver\lunges_--_12_not_failure-2026-04-12_19-24-34,lunges,Oliver,lunges_--_12_not_failure-2026-04-12_19-24-34,FINALREP,6,28.955999023437506,32.32577768179087,32.155453857421875,3.3697786583533613,30.0627275390625,1,True
lunges\Oliver\lunges_--_12_not_failure-2026-04-12_19-24-34,lunges,Oliver,lunges_--_12_not_failure-2026-04-12_19-24-34,FINALREP,7,32.155453857421875,34.36891479492188,33.34734623835637,2.2134609375000025,32.32577768179087,1,True
lunges\Oliver\lunges_--_12_not_failure-2026-04-12_19-24-34,lunges,Oliver,lunges_--_12_not_failure-2026-04-12_19-24-34,FINALREP,8,32.15645385742187,37.48788525390625,35.53601318359375,5.331431396484376,34.36891479492188,1,False
lunges\Oliver\lunges_--_12_not_failure-2026-04-12_19-24-34,lunges,Oliver,lunges_--_12_not_failure-2026-04-12_19-24-34,FINALREP,9,35.53601318359375,40.808082275390625,38.67510668945312,5.272069091796872,37.48788525390625,1,False
lunges\Oliver\lunges_--_12_not_failure-2026-04-12_19-24-34,lunges,Oliver,lunges_--_12_not_failure-2026-04-12_19-24-34,FINALREP,10,38.67510668945312,44.08803637695313,41.99530395507813,5.412929687500004,40.808082275390625,1,False
lunges\Oliver\lunges_--_12_not_failure-2026-04-12_19-24-34,lunges,Oliver,lunges_--_12_not_failure-2026-04-12_19-24-34,FINALREP,11,41.99530395507813,48.09239990234375,45.355748779296874,6.097095947265622,44.08803637695313,1,False
lunges\Oliver\lunges_--_12_not_failure-2026-04-12_19-24-34,lunges,Oliver,lunges_--_12_not_failure-2026-04-12_19-24-34,FINALREP,12,45.355748779296874,51.674195068359374,49.339990478515624,6.3184462890625,48.09239990234375,1,False
lunges\Oliver\lunges_--_12_not_failure-2026-04-12_19-24-34,lunges,Oliver,lunges_--_12_not_failure-2026-04-12_19-24-34,FINALREP,13,49.339990478515624,54.531583740234375,53.10288916015626,5.191593261718751,51.674195068359374,1,False
lunges\Oliver\lunges_-_12_-_not_failure-2026-04-12_19-23-04,lunges,Oliver,lunges_-_12_-_not_failure-2026-04-12_19-23-04,FINALREP,1,3.6622745361328124,5.855617919921874,4.426921508789061,2.193343383789062,3.6622745361328124,1,True
lunges\Oliver\lunges_-_12_-_not_failure-2026-04-12_19-23-04,lunges,Oliver,lunges_-_12_-_not_failure-2026-04-12_19-23-04,FINALREP,2,3.6632745361328123,8.008718994140624,6.881862304687499,4.345444458007812,5.855617919921874,1,False
lunges\Oliver\lunges_-_12_-_not_failure-2026-04-12_19-23-04,lunges,Oliver,lunges_-_12_-_not_failure-2026-04-12_19-23-04,FINALREP,3,6.881862304687499,9.148156311035155,8.57843765258789,2.266294006347656,8.008718994140624,1,True
lunges\Oliver\lunges_-_12_-_not_failure-2026-04-12_19-23-04,lunges,Oliver,lunges_-_12_-_not_failure-2026-04-12_19-23-04,FINALREP,4,9.335803100585938,10.986845214843749,9.336803100585938,1.6510421142578107,9.148156311035155,1,True
lunges\Oliver\lunges_-_12_-_not_failure-2026-04-12_19-23-04,lunges,Oliver,lunges_-_12_-_not_failure-2026-04-12_19-23-04,FINALREP,5,14.87048889160156,18.476897420247393,15.471654693603515,3.606408528645833,14.87048889160156,2,True
lunges\Oliver\lunges_-_12_-_not_failure-2026-04-12_19-23-04,lunges,Oliver,lunges_-_12_-_not_failure-2026-04-12_19-23-04,FINALREP,6,15.471654693603515,22.083305948893226,19.151565490722657,6.611651255289711,18.476897420247393,2,True
lunges\Oliver\lunges_-_12_-_not_failure-2026-04-12_19-23-04,lunges,Oliver,lunges_-_12_-_not_failure-2026-04-12_19-23-04,FINALREP,7,19.151565490722657,24.972002197265624,22.8314762878418,5.820436706542967,22.083305948893226,2,True
lunges\Oliver\lunges_-_12_-_not_failure-2026-04-12_19-23-04,lunges,Oliver,lunges_-_12_-_not_failure-2026-04-12_19-23-04,FINALREP,8,22.8314762878418,29.296123006184892,26.51138708496094,6.464646718343094,24.972002197265624,2,True
lunges\Oliver\lunges_-_12_-_not_failure-2026-04-12_19-23-04,lunges,Oliver,lunges_-_12_-_not_failure-2026-04-12_19-23-04,FINALREP,9,26.51138708496094,32.90253153483073,31.09932727050781,6.391144449869788,29.296123006184892,2,True
lunges\Oliver\lunges_-_12_-_not_failure-2026-04-12_19-23-04,lunges,Oliver,lunges_-_12_-_not_failure-2026-04-12_19-23-04,FINALREP,10,31.09932727050781,36.50894006347656,33.87120867919922,5.409612792968748,32.90253153483073,2,True
lunges\Oliver\lunges_-_12_-_not_failure-2026-04-12_19-23-04,lunges,Oliver,lunges_-_12_-_not_failure-2026-04-12_19-23-04,FINALREP,11,33.87120867919922,40.115348592122395,37.55111947631836,6.244139912923174,36.50894006347656,2,True
lunges\Oliver\lunges_-_12_-_not_failure-2026-04-12_19-23-04,lunges,Oliver,lunges_-_12_-_not_failure-2026-04-12_19-23-04,FINALREP,12,37.55111947631836,43.72175712076823,41.231030273437504,6.170637644449869,40.115348592122395,2,True
lunges\Oliver\lunges_-_12_-_not_failure-2026-04-12_19-23-04,lunges,Oliver,lunges_-_12_-_not_failure-2026-04-12_19-23-04,FINALREP,13,42.398138916015625,45.77872900390625,43.540076812744495,3.3805900878906243,42.398138916015625,3,True
lunges\Oliver\lunges_-_12_-_not_failure-2026-04-12_19-23-04,lunges,Oliver,lunges_-_12_-_not_failure-2026-04-12_19-23-04,FINALREP,14,47.02532788085938,47.32816564941406,47.02632788085938,0.3028377685546815,43.72175712076823,2,True
lunges\Oliver\lunges_-_12_-_not_failure-2026-04-12_19-23-04,lunges,Oliver,lunges_-_12_-_not_failure-2026-04-12_19-23-04,FINALREP,15,47.02532788085938,47.69707828776042,47.02632788085938,0.6717504069010403,45.77872900390625,3,True
lunges\Oliver\lunges_-_12_-_not_failure-2026-04-12_19-23-04,lunges,Oliver,lunges_-_12_-_not_failure-2026-04-12_19-23-04,FINALREP,16,47.02532788085938,48.92539324951172,47.02632788085938,1.900065368652342,45.77872900390625,4,True
lunges\Oliver\lunges_-_12_-_not_failure-2026-04-12_19-23-04,lunges,Oliver,lunges_-_12_-_not_failure-2026-04-12_19-23-04,FINALREP,17,47.02632788085938,51.070960693359375,49.79152026367152,4.044632812499998,47.69707828776042,3,True
lunges\Oliver\lunges_-_12_-_not_failure-2026-04-12_19-23-04,lunges,Oliver,lunges_-_12_-_not_failure-2026-04-12_19-23-04,FINALREP,18,49.790520263671525,51.070960693359375,49.79152026367152,1.2804404296878502,48.92539324951172,4,True
lunges\Oliver\lunges_-_12_-_not_failure-2026-04-12_19-23-04,lunges,Oliver,lunges_-_12_-_not_failure-2026-04-12_19-23-04,FINALREP,19,49.79152026367152,52.7235239868164,52.55671264648367,2.932003723144881,51.070960693359375,4,True
lunges\Oliver\lunges_-_12_-_not_failure-2026-04-12_19-23-04,lunges,Oliver,lunges_-_12_-_not_failure-2026-04-12_19-23-04,FINALREP,20,52.55671264648367,54.894243896484376,54.84380474609372,2.3375312500007084,52.7235239868164,4,True
pullups\Oliver\pullups_--_5_failure_-2026-04-12_19-19-24,pullups,Oliver,pullups_--_5_failure_-2026-04-12_19-19-24,FINALREP,1,9.45736181640625,12.2141103515625,10.835736083984376,2.75674853515625,9.45736181640625,1,True
pullups\Oliver\pullups_--_5_failure_-2026-04-12_19-19-24,pullups,Oliver,pullups_--_5_failure_-2026-04-12_19-19-24,FINALREP,2,9.45836181640625,15.192211181640625,13.481814208984373,5.733849365234375,12.2141103515625,1,False
pullups\Oliver\pullups_--_5_failure_-2026-04-12_19-19-24,pullups,Oliver,pullups_--_5_failure_-2026-04-12_19-19-24,FINALREP,3,13.481814208984373,19.15631591796875,17.325180908203127,5.674501708984378,15.192211181640625,1,False
pullups\Oliver\pullups_--_5_failure_-2026-04-12_19-19-24,pullups,Oliver,pullups_--_5_failure_-2026-04-12_19-19-24,FINALREP,4,17.325180908203127,21.047829785156253,20.102072851562504,3.7226488769531265,19.15631591796875,1,True
pullups\Oliver\pullups_--_5_failure_ish_-2026-04-12_19-10-45,pullups,Oliver,pullups_--_5_failure_ish_-2026-04-12_19-10-45,FINALREP,1,1.6902067871093749,3.581636962890625,1.75057177734375,1.8914301757812502,1.6902067871093749,1,True
pullups\Oliver\pullups_--_5_failure_ish_-2026-04-12_19-10-45,pullups,Oliver,pullups_--_5_failure_ish_-2026-04-12_19-10-45,FINALREP,2,1.75057177734375,8.9340185546875,5.593803955078125,7.183446777343749,3.581636962890625,1,False
pullups\Oliver\pullups_--_5_failure_ish_-2026-04-12_19-10-45,pullups,Oliver,pullups_--_5_failure_ish_-2026-04-12_19-10-45,FINALREP,3,5.593803955078125,8.9340185546875,7.6496430688476575,3.340214599609374,6.2980654296875,2,False
pullups\Oliver\pullups_--_5_failure_ish_-2026-04-12_19-10-45,pullups,Oliver,pullups_--_5_failure_ish_-2026-04-12_19-10-45,FINALREP,4,7.857502075195313,11.992539306640625,9.879742919921874,4.135037231445311,8.9340185546875,1,False
pullups\Oliver\pullups_--_5_failure_ish_-2026-04-12_19-10-45,pullups,Oliver,pullups_--_5_failure_ish_-2026-04-12_19-10-45,FINALREP,5,9.878742919921875,11.992539306640625,9.879742919921874,2.11379638671875,8.9340185546875,2,False
pullups\Oliver\pullups_--_5_failure_ish_-2026-04-12_19-10-45,pullups,Oliver,pullups_--_5_failure_ish_-2026-04-12_19-10-45,FINALREP,6,9.879742919921874,14.789482421874999,13.280339111328125,4.9097395019531245,11.992539306640625,1,False
pullups\Oliver\pullups_--_5_failure_ish_-2026-04-12_19-10-45,pullups,Oliver,pullups_--_5_failure_ish_-2026-04-12_19-10-45,FINALREP,7,13.279339111328126,14.789482421874999,13.280339111328125,1.510143310546873,11.992539306640625,2,False
pullups\Oliver\pullups_--_5_failure_ish_-2026-04-12_19-10-45,pullups,Oliver,pullups_--_5_failure_ish_-2026-04-12_19-10-45,FINALREP,8,13.280339111328125,17.546185791015628,15.715090087890625,4.2658466796875025,14.789482421874999,1,False
pullups\Oliver\pullups_--_5_failure_ish_-2026-04-12_19-10-45,pullups,Oliver,pullups_--_5_failure_ish_-2026-04-12_19-10-45,FINALREP,9,15.714090087890625,17.546185791015628,15.715090087890625,1.8320957031250025,14.789482421874999,2,False
pullups\Oliver\pullups_--_5_failure_ish_-2026-04-12_19-10-45,pullups,Oliver,pullups_--_5_failure_ish_-2026-04-12_19-10-45,FINALREP,10,15.715090087890625,19.85020654296875,19.01508703613281,4.1351164550781245,17.546185791015628,1,True
pullups\Oliver\pullups_--_5_failure_ish_-2026-04-12_19-10-45,pullups,Oliver,pullups_--_5_failure_ish_-2026-04-12_19-10-45,FINALREP,11,19.01408703613281,19.59963720703098,19.01508703613281,0.5855501708981699,17.546185791015628,2,True
pullups\Oliver\pullups_--_5_failure_ish_-2026-04-12_19-10-45,pullups,Oliver,pullups_--_5_failure_ish_-2026-04-12_19-10-45,FINALREP,12,19.01508703613281,22.87687316894531,22.315083984375,3.8617861328124974,19.85020654296875,1,True
pullups\Oliver\pullups_--_5_failure_ish_-2026-04-12_19-10-45,pullups,Oliver,pullups_--_5_failure_ish_-2026-04-12_19-10-45,FINALREP,13,22.315083984375,26.902888671875,26.621181762695315,4.5878046875,22.87687316894531,1,True
pullups\Oliver\pullups_--_5_failure_ish_-2026-04-12_19-10-45,pullups,Oliver,pullups_--_5_failure_ish_-2026-04-12_19-10-45,FINALREP,14,26.621181762695315,28.930206420898436,27.916547546386717,2.3090246582031213,26.902888671875,1,True
pullups\Oliver\pullups_--_5_failure_ish_-2026-04-12_19-10-45,pullups,Oliver,pullups_--_5_failure_ish_-2026-04-12_19-10-45,FINALREP,15,27.916547546386717,31.973619873046875,30.927279541015626,4.057072326660158,28.930206420898436,1,True
pullups\Oliver\pullups_--_5_failure_ish_-2026-04-12_19-10-45,pullups,Oliver,pullups_--_5_failure_ish_-2026-04-12_19-10-45,FINALREP,16,30.927279541015626,34.851060546875,32.879108398437495,3.9237810058593716,31.973619873046875,1,False
pullups\Oliver\pullups_--_5_failure_ish_-2026-04-12_19-10-45,pullups,Oliver,pullups_--_5_failure_ish_-2026-04-12_19-10-45,FINALREP,17,32.879108398437495,38.57362158203125,37.82910888671875,5.694513183593756,34.851060546875,1,False
pushups\Abhinav\1,pushups,Abhinav,1,FINALREP,1,11.495000004768372,12.910915613174438,12.184999704360962,1.415915608406067,11.407232761383057,2,False
pushups\Abhinav\1,pushups,Abhinav,1,FINALREP,2,12.184999704360962,14.414599180221558,13.688683032989502,2.2295994758605957,12.910915613174438,2,False
pushups\Abhinav\1,pushups,Abhinav,1,FINALREP,3,13.688683032989502,15.866432189941406,15.140515685081482,2.1777491569519043,14.414599180221558,2,True
pushups\Abhinav\1,pushups,Abhinav,1,FINALREP,4,15.140515565872192,17.370116233825684,16.59234857559204,2.229600667953491,15.866432189941406,1,False
pushups\Abhinav\1,pushups,Abhinav,1,FINALREP,5,16.59134857559204,17.370116233825684,16.59234857559204,0.7787676582336438,15.866432189941406,2,False
pushups\Abhinav\1,pushups,Abhinav,1,FINALREP,6,16.59234857559204,18.87380075454712,18.096032857894897,2.281452178955078,17.370116233825684,1,False
pushups\Abhinav\1,pushups,Abhinav,1,FINALREP,7,18.095032857894896,18.87380075454712,18.096032857894897,0.7787678966522229,17.370116233825684,2,False
pushups\Abhinav\1,pushups,Abhinav,1,FINALREP,8,18.096032857894897,20.325634241104126,19.599717378616333,2.2296013832092285,18.87380075454712,1,False
pushups\Abhinav\1,pushups,Abhinav,1,FINALREP,9,19.598717378616332,20.325634241104126,19.599717378616333,0.7269168624877942,18.87380075454712,2,False
pushups\Abhinav\1,pushups,Abhinav,1,FINALREP,10,19.599717378616333,21.88117027282715,21.103402137756348,2.2814528942108154,20.325634241104126,1,False
pushups\Abhinav\1,pushups,Abhinav,1,FINALREP,11,21.102402137756346,21.88117027282715,21.103402137756348,0.778768135070802,20.325634241104126,2,False
pushups\Abhinav\1,pushups,Abhinav,1,FINALREP,12,21.103402137756348,23.384855031967163,22.60708713531494,2.2814528942108154,21.88117027282715,1,False
pushups\Abhinav\1,pushups,Abhinav,1,FINALREP,13,22.60708713531494,24.888540029525757,24.110772132873535,2.2814528942108154,23.384855031967163,1,False
pushups\Abhinav\1,pushups,Abhinav,1,FINALREP,14,24.110772132873535,26.4440758228302,25.66630792617798,2.333303689956665,24.888540029525757,1,False
pushups\Abhinav\1,pushups,Abhinav,1,FINALREP,15,25.66630792617798,27.895909070968628,27.169992446899414,2.2296011447906494,26.4440758228302,1,False
pushups\Abhinav\2,pushups,Abhinav,2,plot_multi_accel_updated,1,0.8279998302459717,2.375999927520752,1.6019998788833618,1.5480000972747803,0.8279998302459717,,False
pushups\Abhinav\2,pushups,Abhinav,2,plot_multi_accel_updated,2,2.375999927520752,3.922999858856201,3.1494998931884766,1.5469999313354492,2.375999927520752,,False
pushups\Abhinav\2,pushups,Abhinav,2,plot_multi_accel_updated,3,3.922999858856201,5.531999826431274,4.727499842643738,1.6089999675750732,3.922999858856201,,False
pushups\Abhinav\2,pushups,Abhinav,2,plot_multi_accel_updated,4,5.531999826431274,7.128000020980835,6.329999923706055,1.5960001945495605,5.531999826431274,,False
pushups\Abhinav\2,pushups,Abhinav,2,plot_multi_accel_updated,5,7.128000020980835,8.745999813079834,7.9369999170303345,1.617999792098999,7.128000020980835,,False
pushups\Abhinav\2,pushups,Abhinav,2,plot_multi_accel_updated,6,8.745999813079834,10.424000024795532,9.584999918937683,1.6780002117156982,8.745999813079834,,False
pushups\Abhinav\2,pushups,Abhinav,2,plot_multi_accel_updated,7,10.424000024795532,11.991999864578247,11.20799994468689,1.5679998397827148,10.424000024795532,,False
pushups\Abhinav\2,pushups,Abhinav,2,plot_multi_accel_updated,8,11.991999864578247,13.60699987411499,12.799499869346619,1.6150000095367432,11.991999864578247,,False
pushups\Abhinav\2,pushups,Abhinav,2,plot_multi_accel_updated,9,13.60699987411499,15.215999841690063,14.411499857902527,1.6089999675750732,13.60699987411499,,False
pushups\Abhinav\2,pushups,Abhinav,2,plot_multi_accel_updated,10,15.215999841690063,16.90399980545044,16.05999982357025,1.687999963760376,15.215999841690063,,False
pushups\Abhinav\2,pushups,Abhinav,2,plot_multi_accel_updated,11,16.90399980545044,18.531999826431274,17.717999815940857,1.628000020980835,16.90399980545044,,False
pushups\Abhinav\2,pushups,Abhinav,2,plot_multi_accel_updated,12,18.531999826431274,20.02999997138977,19.280999898910522,1.498000144958496,18.531999826431274,,False
pushups\Abhinav\2,pushups,Abhinav,2,plot_multi_accel_updated,13,20.02999997138977,21.82799983024597,20.92899990081787,1.7979998588562012,20.02999997138977,,False
pushups\Abhinav\2,pushups,Abhinav,2,plot_multi_accel_updated,14,21.82799983024597,23.556999921798706,22.69249987602234,1.7290000915527344,21.82799983024597,,False
pushups\Abhinav\2,pushups,Abhinav,2,plot_multi_accel_updated,15,23.556999921798706,25.234999895095825,24.395999908447266,1.6779999732971191,23.556999921798706,,False
pushups\Chandler\pushupa-chandler-2026-april-11-2026-04-12_00-13-17,pushups,Chandler,pushupa-chandler-2026-april-11-2026-04-12_00-13-17,FINALREP,1,6.65758251953125,8.5884833984375,7.703487548828124,1.9309008789062503,6.637468505859375,1,False
pushups\Chandler\pushupa-chandler-2026-april-11-2026-04-12_00-13-17,pushups,Chandler,pushupa-chandler-2026-april-11-2026-04-12_00-13-17,FINALREP,2,7.703487548828124,10.318249267578125,9.453365966796875,2.6147617187500005,8.5884833984375,1,False
pushups\Chandler\pushupa-chandler-2026-april-11-2026-04-12_00-13-17,pushups,Chandler,pushupa-chandler-2026-april-11-2026-04-12_00-13-17,FINALREP,3,9.453365966796875,12.08824267578125,11.203245361328127,2.6348767089843754,10.318249267578125,1,False
pushups\Chandler\pushupa-chandler-2026-april-11-2026-04-12_00-13-17,pushups,Chandler,pushupa-chandler-2026-april-11-2026-04-12_00-13-17,FINALREP,4,11.203245361328127,13.818007324218751,12.953123779296874,2.614761962890624,12.08824267578125,1,False
pushups\Chandler\pushupa-chandler-2026-april-11-2026-04-12_00-13-17,pushups,Chandler,pushupa-chandler-2026-april-11-2026-04-12_00-13-17,FINALREP,5,12.953123779296874,15.50754541015625,14.642662841796874,2.554421630859377,13.818007324218751,1,False
pushups\Chandler\pushupa-chandler-2026-april-11-2026-04-12_00-13-17,pushups,Chandler,pushupa-chandler-2026-april-11-2026-04-12_00-13-17,FINALREP,6,14.642662841796874,18.645256835937502,16.352314453125,4.0025939941406286,15.50754541015625,1,False
pushups\Chandler\pushupa-chandler-2026-april-11-2026-04-12_00-13-17,pushups,Chandler,pushupa-chandler-2026-april-11-2026-04-12_00-13-17,FINALREP,7,16.629880859375003,20.3146796875,19.46991162109375,3.684798828124997,18.645256835937502,1,False
pushups\Chandler\pushupa-chandler-2026-april-11-2026-04-12_00-13-17,pushups,Chandler,pushupa-chandler-2026-april-11-2026-04-12_00-13-17,FINALREP,8,19.46991162109375,21.92376000976563,21.13933251953125,2.4538483886718794,20.3146796875,1,False
pushups\Chandler\pushupa-chandler-2026-april-11-2026-04-12_00-13-17,pushups,Chandler,pushupa-chandler-2026-april-11-2026-04-12_00-13-17,FINALREP,9,21.13933251953125,23.81442626953125,22.86909228515625,2.6750937499999985,21.92376000976563,1,False
pushups\Chandler\pushupa-chandler-2026-april-11-2026-04-12_00-13-17,pushups,Chandler,pushupa-chandler-2026-april-11-2026-04-12_00-13-17,FINALREP,10,22.86909228515625,25.6045234375,24.679304443359374,2.7354311523437502,23.81442626953125,1,False
pushups\Chandler\pushupa-chandler-2026-april-11-2026-04-12_00-13-17,pushups,Chandler,pushupa-chandler-2026-april-11-2026-04-12_00-13-17,FINALREP,11,24.679304443359374,25.94267278747555,25.773598112487775,1.2633683441161772,25.6045234375,1,True
pushups\Chandler\pushupa-chandler-2026-april-11-2026-04-12_00-13-17,pushups,Chandler,pushupa-chandler-2026-april-11-2026-04-12_00-13-17,FINALREP,12,37.80327770996094,38.949732543945316,38.034579833984374,1.1464548339843788,37.80327770996094,2,True
pushups\Chandler\pushupa-chandler-2026-april-11-2026-04-12_00-13-17,pushups,Chandler,pushupa-chandler-2026-april-11-2026-04-12_00-13-17,FINALREP,13,38.034579833984374,40.09618737792969,39.442508789062494,2.061607543945314,38.949732543945316,2,True
pushups\Chandler\pushupa-chandler-2026-april-11-2026-04-12_00-13-17,pushups,Chandler,pushupa-chandler-2026-april-11-2026-04-12_00-13-17,FINALREP,14,40.06601965332031,41.55439892578125,40.97111523437499,1.4883792724609393,40.09618737792969,2,True
pushups\Chandler\pushupa-chandler-2026-april-11-2026-04-12_00-13-17,pushups,Chandler,pushupa-chandler-2026-april-11-2026-04-12_00-13-17,FINALREP,15,40.970115234374994,41.55439892578125,40.97111523437499,0.5842836914062559,40.06601965332031,3,True
pushups\Chandler\pushupa-chandler-2026-april-11-2026-04-12_00-13-17,pushups,Chandler,pushupa-chandler-2026-april-11-2026-04-12_00-13-17,FINALREP,16,40.97111523437499,42.38909704589844,41.97174798583984,1.4179818115234468,41.55439892578125,2,True
pushups\Chandler\pushupa-chandler-2026-april-11-2026-04-12_00-13-17,pushups,Chandler,pushupa-chandler-2026-april-11-2026-04-12_00-13-17,FINALREP,17,41.97174798583984,42.77124578857422,42.49972167968749,0.7994978027343791,41.55439892578125,3,True
pushups\Chandler\pushupa-chandler-2026-april-11-2026-04-12_00-13-17,pushups,Chandler,pushupa-chandler-2026-april-11-2026-04-12_00-13-17,FINALREP,18,42.49972167968749,44.12385885620117,42.91204300943992,1.6241371765136776,42.77124578857422,3,True
pushups\Chandler\pushupa-chandler-2026-april-11-2026-04-12_00-13-17,pushups,Chandler,pushupa-chandler-2026-april-11-2026-04-12_00-13-17,FINALREP,19,42.91204300943992,45.47647192382812,44.19425746663402,2.564428914388202,44.12385885620117,3,True
pushups\Oliver\pushups_--_8_to_failure-2026-04-12_18-53-09,pushups,Oliver,pushups_--_8_to_failure-2026-04-12_18-53-09,FINALREP,1,2.002031127929688,4.5714972412109365,3.563427697753906,2.5694661132812486,2.5553581542968753,1,True
pushups\Oliver\pushups_--_8_to_failure-2026-04-12_18-53-09,pushups,Oliver,pushups_--_8_to_failure-2026-04-12_18-53-09,FINALREP,2,3.563427697753906,7.140963354492186,5.452780517578125,3.57753565673828,4.5714972412109365,1,True
pushups\Oliver\pushups_--_8_to_failure-2026-04-12_18-53-09,pushups,Oliver,pushups_--_8_to_failure-2026-04-12_18-53-09,FINALREP,3,5.452780517578125,9.416636962890625,8.159070800781251,3.9638564453124996,7.140963354492186,1,True
pushups\Oliver\pushups_--_8_to_failure-2026-04-12_18-53-09,pushups,Oliver,pushups_--_8_to_failure-2026-04-12_18-53-09,FINALREP,4,8.159070800781251,12.279895581054685,10.865361083984375,4.120824780273434,9.416636962890625,1,True
pushups\Oliver\pushups_--_8_to_failure-2026-04-12_18-53-09,pushups,Oliver,pushups_--_8_to_failure-2026-04-12_18-53-09,FINALREP,5,10.865361083984375,15.533479248046875,14.970088745117184,4.6681181640625,12.279895581054685,1,True
pushups\Oliver\pushups_--_8_to_failure-2026-04-12_18-53-09,pushups,Oliver,pushups_--_8_to_failure-2026-04-12_18-53-09,FINALREP,6,32.9182587890625,36.0546748046875,34.64743725585937,3.1364160156250023,33.24019970703125,2,True
pushups\Oliver\pushups_--_8_to_failure-2026-04-12_18-53-09,pushups,Oliver,pushups_--_8_to_failure-2026-04-12_18-53-09,FINALREP,7,34.64743725585937,37.988837158203125,36.761434570312495,3.3413999023437526,36.0546748046875,2,True
pushups\Oliver\pushups_--_8_to_failure-2026-04-12_18-53-09,pushups,Oliver,pushups_--_8_to_failure-2026-04-12_18-53-09,FINALREP,8,36.761434570312495,42.3275068359375,41.449709472656245,5.566072265625003,37.988837158203125,2,True
pushups\Oliver\pushups_--_9_failure-2026-04-12_19-01-34,pushups,Oliver,pushups_--_9_failure-2026-04-12_19-01-34,FINALREP,1,12.535568603515626,15.111095947265625,14.165394775390627,2.5755273437499984,13.320299804687501,1,False
pushups\Oliver\pushups_--_9_failure-2026-04-12_19-01-34,pushups,Oliver,pushups_--_9_failure-2026-04-12_19-01-34,FINALREP,2,14.165394775390627,17.4652880859375,16.519588134765627,3.2998933105468744,15.111095947265625,1,False
pushups\Oliver\pushups_--_9_failure-2026-04-12_19-01-34,pushups,Oliver,pushups_--_9_failure-2026-04-12_19-01-34,FINALREP,3,16.519588134765627,19.69875390625,18.79329467773438,3.1791657714843744,17.4652880859375,1,False
pushups\Oliver\pushups_--_9_failure-2026-04-12_19-01-34,pushups,Oliver,pushups_--_9_failure-2026-04-12_19-01-34,FINALREP,4,18.79329467773438,22.193796386718752,21.167609375,3.400501708984372,19.69875390625,1,False
pushups\Oliver\pushups_--_9_failure-2026-04-12_19-01-34,pushups,Oliver,pushups_--_9_failure-2026-04-12_19-01-34,FINALREP,5,21.167609375,24.407140625,23.421195800781252,3.239531249999999,22.193796386718752,1,False
pushups\Oliver\pushups_--_9_failure-2026-04-12_19-01-34,pushups,Oliver,pushups_--_9_failure-2026-04-12_19-01-34,FINALREP,6,23.421195800781252,28.733222900390622,25.89611767578125,5.31202709960937,24.407140625,1,False
pushups\Oliver\pushups_--_9_failure-2026-04-12_19-01-34,pushups,Oliver,pushups_--_9_failure-2026-04-12_19-01-34,FINALREP,7,26.02891918945312,31.268507568359375,29.699044189453126,5.239588378906255,28.733222900390622,1,False
pushups\Oliver\pushups_--_9_failure-2026-04-12_19-01-34,pushups,Oliver,pushups_--_9_failure-2026-04-12_19-01-34,FINALREP,8,29.699044189453126,32.63874618785144,31.699908066406252,2.939701998398313,31.268507568359375,1,True
pushups\Oliver\pushups_--_9_failure-2026-04-12_19-01-34,pushups,Oliver,pushups_--_9_failure-2026-04-12_19-01-34,FINALREP,9,33.38124438476562,36.60569299316406,35.836045654296875,3.22444860839844,33.38124438476562,2,True
pushups\Oliver\pushups_--_9_failure-2026-04-12_19-01-34,pushups,Oliver,pushups_--_9_failure-2026-04-12_19-01-34,FINALREP,10,35.836045654296875,38.73351342773437,37.66960321044922,2.897467773437498,36.60569299316406,2,True
pushups\Oliver\pushups_--_9_failure-2026-04-12_19-01-34,pushups,Oliver,pushups_--_9_failure-2026-04-12_19-01-34,FINALREP,11,37.66960321044922,43.054590209960935,41.983694571564506,5.384986999511717,38.73351342773437,2,True
pushups\Oliver\pushups_--_9_failure-2026-04-12_19-01-34,pushups,Oliver,pushups_--_9_failure-2026-04-12_19-01-34,FINALREP,12,41.98269457156451,43.620496551513675,41.983694571564506,1.6378019799491668,41.5102626953125,3,True
pushups\Oliver\pushups_--_9_failure-2026-04-12_19-01-34,pushups,Oliver,pushups_--_9_failure-2026-04-12_19-01-34,FINALREP,13,42.15414733886719,45.08684576416016,43.73932308881704,2.932698425292969,43.620496551513675,3,True
pushups\Oliver\pushups_--_9_failure-2026-04-12_19-01-34,pushups,Oliver,pushups_--_9_failure-2026-04-12_19-01-34,FINALREP,14,43.73932308881704,46.279038818359375,45.11199487304687,2.539715729542337,43.054590209960935,2,True
pushups\Oliver\pushups_--_9_failure-2026-04-12_19-01-34,pushups,Oliver,pushups_--_9_failure-2026-04-12_19-01-34,FINALREP,15,45.11199487304687,46.553194976806644,45.869982680100556,1.4412001037597761,45.08684576416016,3,True
pushups\Oliver\pushups_--_9_failure-2026-04-12_19-01-34,pushups,Oliver,pushups_--_9_failure-2026-04-12_19-01-34,FINALREP,16,45.112994873046866,47.949119873046875,46.944763434776846,2.8361250000000098,46.553194976806644,3,True
pushups\Salvador\1,pushups,Salvador,1,plot_multi_accel_updated,1,1.063999891281128,2.812999963760376,1.938499927520752,1.749000072479248,1.063999891281128,,False
pushups\Salvador\1,pushups,Salvador,1,plot_multi_accel_updated,2,2.812999963760376,4.572000026702881,3.6924999952316284,1.7590000629425049,2.812999963760376,,False
pushups\Salvador\1,pushups,Salvador,1,plot_multi_accel_updated,3,4.572000026702881,6.321000099182129,5.446500062942505,1.749000072479248,4.572000026702881,,False
pushups\Salvador\1,pushups,Salvador,1,plot_multi_accel_updated,4,6.321000099182129,8.0,7.1605000495910645,1.678999900817871,6.321000099182129,,False
pushups\Salvador\1,pushups,Salvador,1,plot_multi_accel_updated,5,8.0,9.79800009727478,8.89900004863739,1.7980000972747803,8.0,,False
pushups\Salvador\1,pushups,Salvador,1,plot_multi_accel_updated,6,9.79800009727478,11.783999919891357,10.791000008583069,1.9859998226165771,9.79800009727478,,False
pushups\Salvador\1,pushups,Salvador,1,plot_multi_accel_updated,7,11.783999919891357,13.585000038146973,12.684499979019165,1.8010001182556152,11.783999919891357,,False
pushups\Salvador\1,pushups,Salvador,1,plot_multi_accel_updated,8,13.585000038146973,15.483000040054321,14.534000039100647,1.8980000019073486,13.585000038146973,,False
pushups\Salvador\1,pushups,Salvador,1,plot_multi_accel_updated,9,15.483000040054321,17.463000059127808,16.473000049591064,1.9800000190734863,15.483000040054321,,False
pushups\Salvador\1,pushups,Salvador,1,plot_multi_accel_updated,10,17.463000059127808,19.47099995613098,18.467000007629395,2.007999897003174,17.463000059127808,,False
pushups\Salvador\1,pushups,Salvador,1,plot_multi_accel_updated,11,19.47099995613098,21.618000030517578,20.54449999332428,2.1470000743865967,19.47099995613098,,False
pushups\Salvador\1,pushups,Salvador,1,plot_multi_accel_updated,12,21.618000030517578,23.77500009536743,22.696500062942505,2.1570000648498535,21.618000030517578,,False
pushups\Salvador\1,pushups,Salvador,1,plot_multi_accel_updated,13,23.77500009536743,25.94000005722046,24.857500076293945,2.1649999618530273,23.77500009536743,,False
pushups\Salvador\1,pushups,Salvador,1,plot_multi_accel_updated,14,25.94000005722046,27.95799994468689,26.949000000953674,2.0179998874664307,25.94000005722046,,False
pushups\Salvador\1,pushups,Salvador,1,plot_multi_accel_updated,15,27.95799994468689,29.776000022888184,28.866999983787537,1.818000078201294,27.95799994468689,,False
pushups\Salvador\2,pushups,Salvador,2,FINALREP,1,16.11750042438507,23.34500002861023,22.436000108718872,7.227499604225159,21.60599994659424,1,False
pushups\Salvador\2,pushups,Salvador,2,FINALREP,2,22.436000108718872,25.08400011062622,24.21399998664856,2.6480000019073486,23.34500002861023,1,False
pushups\Salvador\2,pushups,Salvador,2,FINALREP,3,24.21399998664856,26.941999912261963,26.032999992370605,2.7279999256134033,25.08400011062622,1,False
pushups\Salvador\2,pushups,Salvador,2,FINALREP,4,26.032999992370605,28.83999991416931,27.8510000705719,2.806999921798706,26.941999912261963,1,False
pushups\Salvador\2,pushups,Salvador,2,FINALREP,5,27.8510000705719,30.79699993133545,29.848000049591064,2.94599986076355,28.83999991416931,1,False
pushups\Salvador\2,pushups,Salvador,2,FINALREP,6,31.270999908447266,32.65499997138977,31.66700005531311,1.3840000629425049,30.79699993133545,1,False
pushups\Salvador\2,pushups,Salvador,2,FINALREP,7,31.66600005531311,32.65499997138977,31.66700005531311,0.9889999160766614,30.79699993133545,2,False
pushups\Salvador\2,pushups,Salvador,2,FINALREP,8,31.66700005531311,34.8289999961853,33.76200008392334,3.1619999408721924,32.65499997138977,2,False
pushups\Salvador\2,pushups,Salvador,2,FINALREP,9,33.76200008392334,36.92400002479553,35.97499990463257,3.1619999408721924,34.8289999961853,2,False
pushups\Salvador\2,pushups,Salvador,2,FINALREP,10,35.97499990463257,49.15700006484985,37.793999910354614,13.182000160217285,36.92400002479553,2,False
pushups\Salvador\2,pushups,Salvador,2,FINALREP,11,46.974200057983396,55.6800000667572,52.41850006580353,8.705800008773807,49.15700006484985,2,True
situps\Abhinav\1,situps,Abhinav,1,plot_multi_accel_updated,1,2.937999963760376,5.916000127792358,4.427000045776367,2.9780001640319824,2.937999963760376,,False
situps\Abhinav\1,situps,Abhinav,1,plot_multi_accel_updated,2,5.916000127792358,8.872999906539917,7.394500017166138,2.9569997787475586,5.916000127792358,,False
situps\Abhinav\1,situps,Abhinav,1,plot_multi_accel_updated,3,8.872999906539917,11.633000135421753,10.253000020980835,2.760000228881836,8.872999906539917,,False
situps\Abhinav\1,situps,Abhinav,1,plot_multi_accel_updated,4,11.633000135421753,14.551000118255615,13.092000126838684,2.9179999828338623,11.633000135421753,,False
situps\Abhinav\1,situps,Abhinav,1,plot_multi_accel_updated,5,14.551000118255615,17.625999927520752,16.088500022888184,3.0749998092651367,14.551000118255615,,False
situps\Abhinav\1,situps,Abhinav,1,plot_multi_accel_updated,6,17.625999927520752,20.483999967575073,19.054999947547913,2.8580000400543213,17.625999927520752,,False
situps\Abhinav\1,situps,Abhinav,1,plot_multi_accel_updated,7,20.483999967575073,23.342999935150146,21.91349995136261,2.8589999675750732,20.483999967575073,,False
situps\Abhinav\1,situps,Abhinav,1,plot_multi_accel_updated,8,23.342999935150146,26.102999925613403,24.722999930381775,2.759999990463257,23.342999935150146,,False
situps\Abhinav\1,situps,Abhinav,1,plot_multi_accel_updated,9,26.102999925613403,29.039999961853027,27.571499943733215,2.937000036239624,26.102999925613403,,False
situps\Abhinav\1,situps,Abhinav,1,plot_multi_accel_updated,10,29.039999961853027,31.740999937057495,30.39049994945526,2.7009999752044678,29.039999961853027,,False
situps\Abhinav\1,situps,Abhinav,1,plot_multi_accel_updated,11,31.740999937057495,33.96900010108948,32.855000019073486,2.2280001640319824,31.740999937057495,,False
situps\Abhinav\1,situps,Abhinav,1,plot_multi_accel_updated,12,33.96900010108948,36.098999977111816,35.03400003910065,2.129999876022339,33.96900010108948,,False
situps\Abhinav\1,situps,Abhinav,1,plot_multi_accel_updated,13,36.098999977111816,38.937000036239624,37.51800000667572,2.8380000591278076,36.098999977111816,,False
situps\Abhinav\1,situps,Abhinav,1,plot_multi_accel_updated,14,38.937000036239624,41.401999950408936,40.16949999332428,2.4649999141693115,38.937000036239624,,False
situps\Salvador\1,situps,Salvador,1,plot_multi_accel_updated,1,1.066999912261963,3.5160000324249268,2.291499972343445,2.449000120162964,1.066999912261963,,False
situps\Salvador\1,situps,Salvador,1,plot_multi_accel_updated,2,3.5160000324249268,6.063999891281128,4.789999961853027,2.547999858856201,3.5160000324249268,,False
situps\Salvador\1,situps,Salvador,1,plot_multi_accel_updated,3,6.063999891281128,8.57200002670288,7.317999958992004,2.508000135421753,6.063999891281128,,False
situps\Salvador\1,situps,Salvador,1,plot_multi_accel_updated,4,8.57200002670288,11.15999984741211,9.865999937057495,2.5879998207092285,8.57200002670288,,False
situps\Salvador\1,situps,Salvador,1,plot_multi_accel_updated,5,11.15999984741211,13.569999933242798,12.364999890327454,2.4100000858306885,11.15999984741211,,False
situps\Salvador\1,situps,Salvador,1,plot_multi_accel_updated,6,13.569999933242798,16.0,14.784999966621399,2.430000066757202,13.569999933242798,,False
situps\Salvador\1,situps,Salvador,1,plot_multi_accel_updated,7,16.0,18.41100001335144,17.20550000667572,2.4110000133514404,16.0,,False
situps\Salvador\1,situps,Salvador,1,plot_multi_accel_updated,8,18.41100001335144,20.938999891281128,19.674999952316284,2.5279998779296875,18.41100001335144,,False
situps\Salvador\1,situps,Salvador,1,plot_multi_accel_updated,9,20.938999891281128,23.467999935150146,22.203499913215637,2.5290000438690186,20.938999891281128,,False
situps\Salvador\1,situps,Salvador,1,plot_multi_accel_updated,10,23.467999935150146,25.996000051498413,24.73199999332428,2.5280001163482666,23.467999935150146,,False
situps\Salvador\1,situps,Salvador,1,plot_multi_accel_updated,11,25.996000051498413,28.918999910354614,27.457499980926514,2.922999858856201,25.996000051498413,,False
situps\Salvador\1,situps,Salvador,1,plot_multi_accel_updated,12,28.918999910354614,31.526999950408936,30.222999930381775,2.6080000400543213,28.918999910354614,,False
situps\Salvador\1,situps,Salvador,1,plot_multi_accel_updated,13,31.526999950408936,34.055999994277954,32.791499972343445,2.5290000438690186,31.526999950408936,,False
situps\Salvador\1,situps,Salvador,1,plot_multi_accel_updated,14,34.055999994277954,36.42700004577637,35.24150002002716,2.371000051498413,34.055999994277954,,False
situps\Salvador\2,situps,Salvador,2,plot_multi_accel_updated,1,3.5399999618530273,6.008000135421753,4.77400004863739,2.4680001735687256,3.5399999618530273,,False
situps\Salvador\2,situps,Salvador,2,plot_multi_accel_updated,2,6.008000135421753,8.565999984741211,7.287000060081482,2.557999849319458,6.008000135421753,,False
situps\Salvador\2,situps,Salvador,2,plot_multi_accel_updated,3,8.565999984741211,10.944000005722046,9.754999995231628,2.378000020980835,8.565999984741211,,False
situps\Salvador\2,situps,Salvador,2,plot_multi_accel_updated,4,10.944000005722046,13.401000022888184,12.172500014305115,2.4570000171661377,10.944000005722046,,False
situps\Salvador\2,situps,Salvador,2,plot_multi_accel_updated,5,13.401000022888184,15.848999977111816,14.625,2.447999954223633,13.401000022888184,,False
situps\Salvador\2,situps,Salvador,2,plot_multi_accel_updated,6,15.848999977111816,18.324000120162964,17.08650004863739,2.4750001430511475,15.848999977111816,,False
situps\Salvador\2,situps,Salvador,2,plot_multi_accel_updated,7,18.324000120162964,20.891000032424927,19.607500076293945,2.566999912261963,18.324000120162964,,False
situps\Salvador\2,situps,Salvador,2,plot_multi_accel_updated,8,20.891000032424927,23.67900013923645,22.28500008583069,2.7880001068115234,20.891000032424927,,False
situps\Salvador\2,situps,Salvador,2,plot_multi_accel_updated,9,24.92300009727478,27.25100016593933,26.087000131607056,2.328000068664551,24.92300009727478,,False
situps\Salvador\2,situps,Salvador,2,plot_multi_accel_updated,10,27.25100016593933,29.788000106811523,28.519500136375427,2.5369999408721924,27.25100016593933,,False
situps\Salvador\2,situps,Salvador,2,plot_multi_accel_updated,11,29.788000106811523,32.13499999046326,30.96150004863739,2.3469998836517334,29.788000106811523,,False
situps\Salvador\2,situps,Salvador,2,plot_multi_accel_updated,12,35.02400016784668,37.25,36.13700008392334,2.2259998321533203,35.02400016784668,,False
situps\Salvador\2,situps,Salvador,2,plot_multi_accel_updated,13,37.25,38.894999980926514,38.07249999046326,1.6449999809265137,37.25,,False
squats\Abhinav\1,squats,Abhinav,1,FINALREP,1,-41.85350012779236,-38.09920012950897,-39.996309418526906,3.7542999982833862,-41.85350012779236,1,True
squats\Abhinav\1,squats,Abhinav,1,FINALREP,2,-39.996309418526906,-34.344900131225586,-35.76773209798904,5.65140928730132,-38.09920012950897,1,True
squats\Abhinav\1,squats,Abhinav,1,FINALREP,3,-35.76773209798904,-30.5906001329422,-31.539154777451166,5.17713196504684,-34.344900131225586,1,True
squats\Abhinav\1,squats,Abhinav,1,FINALREP,4,-31.539154777451166,-26.836300134658813,-27.310577456913297,4.702854642792353,-30.5906001329422,1,True
squats\Abhinav\1,squats,Abhinav,1,FINALREP,5,-27.310577456913297,-23.082000136375427,-24.95915013551712,4.22857732053787,-26.836300134658813,1,True
squats\Abhinav\1,squats,Abhinav,1,FINALREP,6,-24.95915013551712,-19.32770013809204,-21.204850137233734,5.631449997425079,-23.082000136375427,1,True
squats\Abhinav\1,squats,Abhinav,1,FINALREP,7,-21.204850137233734,-15.573400139808655,-18.853422815837558,5.631449997425079,-19.32770013809204,1,True
squats\Abhinav\1,squats,Abhinav,1,FINALREP,8,-18.853422815837558,-11.819100141525269,-14.624845495299688,7.034322674312289,-15.573400139808655,1,True
squats\Abhinav\1,squats,Abhinav,1,FINALREP,9,-14.624845495299688,-8.064800143241882,-10.396268174761818,6.560045352057806,-11.819100141525269,1,True
squats\Abhinav\1,squats,Abhinav,1,FINALREP,10,-10.396268174761818,-4.310500144958496,-6.167690854223949,6.085768029803322,-8.064800143241882,1,True
squats\Abhinav\1,squats,Abhinav,1,FINALREP,11,13.779609680175781,16.164000034332275,13.950999975204468,2.384390354156494,12.33299994468689,2,False
squats\Abhinav\1,squats,Abhinav,1,FINALREP,12,13.950999975204468,20.683000087738037,18.76200008392334,6.732000112533569,16.164000034332275,2,False
squats\Abhinav\1,squats,Abhinav,1,FINALREP,13,18.76200008392334,25.930000066757202,23.26200008392334,7.167999982833862,20.683000087738037,2,False
squats\Abhinav\1,squats,Abhinav,1,FINALREP,14,23.26200008392334,29.3270001411438,27.46500015258789,6.065000057220459,25.930000066757202,2,False
squats\Abhinav\1,squats,Abhinav,1,FINALREP,15,27.46500015258789,31.307467358452932,30.317233749798365,3.8424672058650415,29.3270001411438,2,True
squats\Abhinav\1,squats,Abhinav,1,FINALREP,16,32.08600013160706,34.03999996185303,32.087000131607056,1.9539998302459693,31.307467358452932,2,True
squats\Abhinav\1,squats,Abhinav,1,FINALREP,17,32.087000131607056,38.318610429763794,36.64300012588501,6.231610298156738,34.03999996185303,2,True
squats\Abhinav\2,squats,Abhinav,2,plot_multi_accel_updated,1,4.434999942779541,8.680999994277954,6.557999968528748,4.246000051498413,4.434999942779541,,False
squats\Abhinav\2,squats,Abhinav,2,plot_multi_accel_updated,2,8.680999994277954,13.375999927520752,11.028499960899353,4.694999933242798,8.680999994277954,,False
squats\Abhinav\2,squats,Abhinav,2,plot_multi_accel_updated,3,13.375999927520752,17.460000038146973,15.417999982833862,4.084000110626221,13.375999927520752,,False
squats\Abhinav\2,squats,Abhinav,2,plot_multi_accel_updated,4,17.460000038146973,21.384000062942505,19.42200005054474,3.9240000247955322,17.460000038146973,,False
squats\Abhinav\2,squats,Abhinav,2,plot_multi_accel_updated,5,21.384000062942505,25.578999996185303,23.481500029563904,4.194999933242798,21.384000062942505,,False
squats\Abhinav\2,squats,Abhinav,2,plot_multi_accel_updated,6,25.578999996185303,29.736000061035156,27.65750002861023,4.1570000648498535,25.578999996185303,,False
squats\Abhinav\2,squats,Abhinav,2,plot_multi_accel_updated,7,29.736000061035156,33.74300003051758,31.739500045776367,4.006999969482422,29.736000061035156,,False
squats\Abhinav\2,squats,Abhinav,2,plot_multi_accel_updated,8,33.74300003051758,37.480000019073486,35.61150002479553,3.736999988555908,33.74300003051758,,False
squats\Abhinav\2,squats,Abhinav,2,plot_multi_accel_updated,9,37.480000019073486,41.8289999961853,39.654500007629395,4.348999977111816,37.480000019073486,,False
squats\Abhinav\2,squats,Abhinav,2,plot_multi_accel_updated,10,41.8289999961853,46.83800005912781,44.333500027656555,5.009000062942505,41.8289999961853,,False
squats\Abhinav\2,squats,Abhinav,2,plot_multi_accel_updated,11,46.83800005912781,50.74600005149841,48.79200005531311,3.9079999923706055,46.83800005912781,,False
squats\Abhinav\2,squats,Abhinav,2,plot_multi_accel_updated,12,50.74600005149841,54.424999952316284,52.58550000190735,3.678999900817871,50.74600005149841,,False
squats\Abhinav\2,squats,Abhinav,2,plot_multi_accel_updated,13,54.424999952316284,58.07800006866455,56.25150001049042,3.6530001163482666,54.424999952316284,,False
squats\Abhinav\2,squats,Abhinav,2,plot_multi_accel_updated,14,58.07800006866455,62.36999988555908,60.223999977111816,4.291999816894531,58.07800006866455,,False
squats\Chandler\squat_chandler-burke-april-11-2026-2026-04-12_00-08-08,squats,Chandler,squat_chandler-burke-april-11-2026-2026-04-12_00-08-08,FINALREP,1,8.448464111328125,12.893944335937501,10.88241650390625,4.445480224609376,8.448464111328125,1,True
squats\Chandler\squat_chandler-burke-april-11-2026-2026-04-12_00-08-08,squats,Chandler,squat_chandler-burke-april-11-2026-2026-04-12_00-08-08,FINALREP,2,10.88241650390625,16.81641015625,14.94569873046875,5.9339936523437515,12.893944335937501,1,False
squats\Chandler\squat_chandler-burke-april-11-2026-2026-04-12_00-08-08,squats,Chandler,squat_chandler-burke-april-11-2026-2026-04-12_00-08-08,FINALREP,3,14.94569873046875,18.684428283691407,17.750419219970702,3.7387295532226563,16.81641015625,1,True
squats\Chandler\squat_chandler-burke-april-11-2026-2026-04-12_00-08-08,squats,Chandler,squat_chandler-burke-april-11-2026-2026-04-12_00-08-08,FINALREP,4,19.068307373046874,20.859552734374997,19.069307373046875,1.791245361328123,18.684428283691407,1,True
squats\Chandler\squat_chandler-burke-april-11-2026-2026-04-12_00-08-08,squats,Chandler,squat_chandler-burke-april-11-2026-2026-04-12_00-08-08,FINALREP,5,19.069307373046875,24.741752929687504,22.99174658203125,5.672445556640628,20.859552734374997,1,False
squats\Chandler\squat_chandler-burke-april-11-2026-2026-04-12_00-08-08,squats,Chandler,squat_chandler-burke-april-11-2026-2026-04-12_00-08-08,FINALREP,6,22.99174658203125,28.241751708984378,26.672789062499998,5.250005126953127,24.741752929687504,1,False
squats\Chandler\squat_chandler-burke-april-11-2026-2026-04-12_00-08-08,squats,Chandler,squat_chandler-burke-april-11-2026-2026-04-12_00-08-08,FINALREP,7,26.672789062499998,31.701505859374997,30.132549072265626,5.028716796874999,28.241751708984378,1,False
squats\Chandler\squat_chandler-burke-april-11-2026-2026-04-12_00-08-08,squats,Chandler,squat_chandler-burke-april-11-2026-2026-04-12_00-08-08,FINALREP,8,30.132549072265626,34.75895263671875,33.33080371093751,4.626403564453128,31.701505859374997,1,False
squats\Chandler\squat_chandler-burke-april-11-2026-2026-04-12_00-08-08,squats,Chandler,squat_chandler-burke-april-11-2026-2026-04-12_00-08-08,FINALREP,9,33.33080371093751,37.99742041015625,36.64973583984375,4.666616699218743,34.75895263671875,1,False
squats\Chandler\squat_chandler-burke-april-11-2026-2026-04-12_00-08-08,squats,Chandler,squat_chandler-burke-april-11-2026-2026-04-12_00-08-08,FINALREP,10,36.64973583984375,41.11519238281251,39.70716821289063,4.465456542968759,37.99742041015625,1,False
squats\Chandler\squat_chandler-burke-april-11-2026-2026-04-12_00-08-08,squats,Chandler,squat_chandler-burke-april-11-2026-2026-04-12_00-08-08,FINALREP,11,39.70716821289063,45.98033274332683,42.86516381835938,6.273164530436198,41.11519238281251,1,True
squats\Chandler\squat_chandler-burke-april-11-2026-2026-04-12_00-08-08,squats,Chandler,squat_chandler-burke-april-11-2026-2026-04-12_00-08-08,FINALREP,12,42.86516381835938,50.97131494140625,49.62364575195313,8.106151123046871,45.98033274332683,1,True
squats\Oliver\squat_--_set_1_--_10_reps_not_total_failure_-2026-04-12_18-35-50,squats,Oliver,squat_--_set_1_--_10_reps_not_total_failure_-2026-04-12_18-35-50,FINALREP,1,16.267226928710937,20.482453857421874,18.892941162109373,4.215226928710937,17.14246484375,1,False
squats\Oliver\squat_--_set_1_--_10_reps_not_total_failure_-2026-04-12_18-35-50,squats,Oliver,squat_--_set_1_--_10_reps_not_total_failure_-2026-04-12_18-35-50,FINALREP,2,18.892941162109373,23.741965576171875,22.35365478515625,4.849024414062502,20.482453857421874,1,False
squats\Oliver\squat_--_set_1_--_10_reps_not_total_failure_-2026-04-12_18-35-50,squats,Oliver,squat_--_set_1_--_10_reps_not_total_failure_-2026-04-12_18-35-50,FINALREP,3,22.35365478515625,26.880759765624997,25.492446533203125,4.527104980468746,23.741965576171875,1,False
squats\Oliver\squat_--_set_1_--_10_reps_not_total_failure_-2026-04-12_18-35-50,squats,Oliver,squat_--_set_1_--_10_reps_not_total_failure_-2026-04-12_18-35-50,FINALREP,4,25.492446533203125,30.240881591796875,28.872688476562498,4.748435058593749,26.880759765624997,1,False
squats\Oliver\squat_--_set_1_--_10_reps_not_total_failure_-2026-04-12_18-35-50,squats,Oliver,squat_--_set_1_--_10_reps_not_total_failure_-2026-04-12_18-35-50,FINALREP,5,28.872688476562498,32.01154422701322,31.126212909405048,3.1388557504507197,30.240881591796875,1,True
squats\Oliver\squat_--_set_1_--_10_reps_not_total_failure_-2026-04-12_18-35-50,squats,Oliver,squat_--_set_1_--_10_reps_not_total_failure_-2026-04-12_18-35-50,FINALREP,6,32.473258789062506,33.94305615234375,32.4742587890625,1.4697973632812449,32.01154422701322,1,True
squats\Oliver\squat_--_set_1_--_10_reps_not_total_failure_-2026-04-12_18-35-50,squats,Oliver,squat_--_set_1_--_10_reps_not_total_failure_-2026-04-12_18-35-50,FINALREP,7,32.4742587890625,37.16234106445313,35.874627929687506,4.688082275390627,33.94305615234375,1,False
squats\Oliver\squat_--_set_1_--_10_reps_not_total_failure_-2026-04-12_18-35-50,squats,Oliver,squat_--_set_1_--_10_reps_not_total_failure_-2026-04-12_18-35-50,FINALREP,8,35.874627929687506,40.62307470703125,39.2548779296875,4.748446777343744,37.16234106445313,1,False
squats\Oliver\squat_--_set_1_--_10_reps_not_total_failure_-2026-04-12_18-35-50,squats,Oliver,squat_--_set_1_--_10_reps_not_total_failure_-2026-04-12_18-35-50,FINALREP,9,39.2548779296875,45.10996337890625,43.68140185546875,5.855085449218748,40.62307470703125,1,False
squats\Oliver\squat_--_set_1_--_10_reps_not_total_failure_-2026-04-12_18-35-50,squats,Oliver,squat_--_set_1_--_10_reps_not_total_failure_-2026-04-12_18-35-50,FINALREP,10,43.68140185546875,47.75586152531551,46.432912452110884,4.07445966984676,45.10996337890625,1,True
squats\Oliver\squat_--_set_1_--_10_reps_not_total_failure_-2026-04-12_18-35-50,squats,Oliver,squat_--_set_1_--_10_reps_not_total_failure_-2026-04-12_18-35-50,FINALREP,11,48.26789770507813,49.61697729492188,48.268897705078125,1.349079589843754,47.75586152531551,1,True
squats\Oliver\squat_--_set_1_--_10_reps_not_total_failure_-2026-04-12_18-35-50,squats,Oliver,squat_--_set_1_--_10_reps_not_total_failure_-2026-04-12_18-35-50,FINALREP,12,48.268897705078125,54.18435620117188,52.816155517578125,5.9154584960937555,49.61697729492188,1,False
squats\Oliver\squat_--_set_1_--_10_reps_not_total_failure_-2026-04-12_18-35-50,squats,Oliver,squat_--_set_1_--_10_reps_not_total_failure_-2026-04-12_18-35-50,FINALREP,13,52.816155517578125,57.785950683593754,56.53847094726563,4.969795166015629,54.18435620117188,1,False
squats\Oliver\squat_set_2_--_8_reps_i_think_--_not_failure_-2026-04-12_18-38-09,squats,Oliver,squat_set_2_--_8_reps_i_think_--_not_failure_-2026-04-12_18-38-09,FINALREP,1,20.7650078125,25.131307373046873,23.722822998046873,4.366299560546874,20.7650078125,1,True
squats\Oliver\squat_set_2_--_8_reps_i_think_--_not_failure_-2026-04-12_18-38-09,squats,Oliver,squat_set_2_--_8_reps_i_think_--_not_failure_-2026-04-12_18-38-09,FINALREP,2,23.722822998046873,26.810321885850694,26.7611240234375,3.0874988878038216,25.131307373046873,1,True
squats\Oliver\squat_set_2_--_8_reps_i_think_--_not_failure_-2026-04-12_18-38-09,squats,Oliver,squat_set_2_--_8_reps_i_think_--_not_failure_-2026-04-12_18-38-09,FINALREP,3,26.7611240234375,29.83297892252604,28.321650404188368,3.071854899088539,26.810321885850694,1,True
squats\Oliver\squat_set_2_--_8_reps_i_think_--_not_failure_-2026-04-12_18-38-09,squats,Oliver,squat_set_2_--_8_reps_i_think_--_not_failure_-2026-04-12_18-38-09,FINALREP,4,29.83867016601562,32.855635959201386,29.839670166015622,3.016965793185765,29.83297892252604,1,True
squats\Oliver\squat_set_2_--_8_reps_i_think_--_not_failure_-2026-04-12_18-38-09,squats,Oliver,squat_set_2_--_8_reps_i_think_--_not_failure_-2026-04-12_18-38-09,FINALREP,5,29.839670166015622,34.4876767578125,32.97858374023437,4.648006591796879,32.855635959201386,1,True
squats\Oliver\squat_set_2_--_8_reps_i_think_--_not_failure_-2026-04-12_18-38-09,squats,Oliver,squat_set_2_--_8_reps_i_think_--_not_failure_-2026-04-12_18-38-09,FINALREP,6,32.97858374023437,37.546106201171874,36.13761962890625,4.567522460937504,34.4876767578125,1,False
squats\Oliver\squat_set_2_--_8_reps_i_think_--_not_failure_-2026-04-12_18-38-09,squats,Oliver,squat_set_2_--_8_reps_i_think_--_not_failure_-2026-04-12_18-38-09,FINALREP,7,36.13761962890625,42.878240234375006,40.42344677734375,6.740620605468756,37.546106201171874,1,False
squats\Oliver\squat_set_2_--_8_reps_i_think_--_not_failure_-2026-04-12_18-38-09,squats,Oliver,squat_set_2_--_8_reps_i_think_--_not_failure_-2026-04-12_18-38-09,FINALREP,8,40.42344677734375,45.79582373046874,44.306850341796874,5.372376953124991,42.878240234375006,1,False
squats\Salvador\1,squats,Salvador,1,plot_multi_accel_updated,1,3.8349201679229736,7.763268232345581,5.799094200134277,3.9283480644226074,3.8349201679229736,,False
squats\Salvador\1,squats,Salvador,1,plot_multi_accel_updated,2,7.763268232345581,11.624463319778442,9.693865776062012,3.8611950874328613,7.763268232345581,,False
squats\Salvador\1,squats,Salvador,1,plot_multi_accel_updated,3,11.624463319778442,15.59803318977356,13.611248254776001,3.973569869995117,11.624463319778442,,False
squats\Salvador\1,squats,Salvador,1,plot_multi_accel_updated,4,17.63776659965515,21.751827001571655,19.694796800613403,4.114060401916504,17.63776659965515,,False
squats\Salvador\1,squats,Salvador,1,plot_multi_accel_updated,5,21.751827001571655,25.031853199005127,23.39184010028839,3.2800261974334717,21.751827001571655,,False
squats\Salvador\1,squats,Salvador,1,plot_multi_accel_updated,6,25.031853199005127,28.311882495880127,26.671867847442627,3.280029296875,25.031853199005127,,False
squats\Salvador\2,squats,Salvador,2,plot_multi_accel_updated,1,0.47964930534362793,2.4155313968658447,1.4475903511047363,1.9358820915222168,0.47964930534362793,,False
squats\Salvador\2,squats,Salvador,2,plot_multi_accel_updated,2,2.4155313968658447,4.511297941207886,3.4634146690368652,2.095766544342041,2.4155313968658447,,False
squats\Salvador\2,squats,Salvador,2,plot_multi_accel_updated,3,4.511297941207886,6.622189283370972,5.566743612289429,2.110891342163086,4.511297941207886,,False
squats\Salvador\2,squats,Salvador,2,plot_multi_accel_updated,4,6.622189283370972,8.759008407592773,7.690598845481873,2.1368191242218018,6.622189283370972,,False
squats\Salvador\2,squats,Salvador,2,plot_multi_accel_updated,5,8.759008407592773,10.904470443725586,9.83173942565918,2.1454620361328125,8.759008407592773,,False
squats\Salvador\2,squats,Salvador,2,plot_multi_accel_updated,6,10.904470443725586,13.008883953094482,11.956677198410034,2.1044135093688965,10.904470443725586,,False
squats\Salvador\2,squats,Salvador,2,plot_multi_accel_updated,7,13.008883953094482,15.24509859085083,14.126991271972656,2.2362146377563477,13.008883953094482,,False
squats\Salvador\2,squats,Salvador,2,plot_multi_accel_updated,8,15.24509859085083,17.606634378433228,16.42586648464203,2.3615357875823975,15.24509859085083,,False
squats\Salvador\2,squats,Salvador,2,plot_multi_accel_updated,9,17.606634378433228,19.933609008789062,18.770121693611145,2.326974630355835,17.606634378433228,,False
squats\Salvador\2,squats,Salvador,2,plot_multi_accel_updated,10,19.933609008789062,22.07045555114746,21.00203227996826,2.1368465423583984,19.933609008789062,,False
squats\Salvador\2,squats,Salvador,2,plot_multi_accel_updated,11,22.07045555114746,24.313178300857544,23.191816926002502,2.242722749710083,22.07045555114746,,False
squats\Salvador\2,squats,Salvador,2,plot_multi_accel_updated,12,24.313178300857544,26.33984088897705,25.326509594917297,2.026662588119507,24.313178300857544,,False
squats\Salvador\2,squats,Salvador,2,plot_multi_accel_updated,13,26.33984088897705,28.593369722366333,27.466605305671692,2.2535288333892822,26.33984088897705,,False
squats\Spencer\1x6_140_squat-2026-03-10_13-44-01,squats,Spencer,1x6_140_squat-2026-03-10_13-44-01,FINALREP,1,13.4093955078125,16.440582763671873,14.935023437500002,3.0311872558593738,13.4696181640625,1,False
squats\Spencer\1x6_140_squat-2026-03-10_13-44-01,squats,Spencer,1x6_140_squat-2026-03-10_13-44-01,FINALREP,2,14.935023437500002,18.09525571986607,17.96620703125,3.160232282366069,16.440582763671873,1,True
squats\Spencer\1x6_140_squat-2026-03-10_13-44-01,squats,Spencer,1x6_140_squat-2026-03-10_13-44-01,FINALREP,3,17.96620703125,19.411541015624998,18.753398367745532,1.4453339843749973,18.09525571986607,1,True
squats\Spencer\1x6_140_squat-2026-03-10_13-44-01,squats,Spencer,1x6_140_squat-2026-03-10_13-44-01,FINALREP,4,17.967207031250002,22.543101806640625,20.816734375000003,4.575894775390623,19.411541015624998,1,False
squats\Spencer\1x6_140_squat-2026-03-10_13-44-01,squats,Spencer,1x6_140_squat-2026-03-10_13-44-01,FINALREP,5,20.816734375000003,25.754952880859374,24.028582275390622,4.938218505859371,22.543101806640625,1,False
squats\Spencer\1x6_140_squat-2026-03-10_13-44-01,squats,Spencer,1x6_140_squat-2026-03-10_13-44-01,FINALREP,6,24.028582275390622,27.466976143973213,27.300652832031247,3.4383938685825903,25.754952880859374,1,True
squats\Spencer\1x6_140_squat-2026-03-10_13-44-01,squats,Spencer,1x6_140_squat-2026-03-10_13-44-01,FINALREP,7,27.300652832031247,29.127393310546875,28.297184727260046,1.826740478515628,27.466976143973213,1,True
squats\Spencer\Darrell_K_Royal-Texas_Memorial_Stadium_at_Campbell-Williams_Field-2026-03-10_13-53-22,squats,Spencer,Darrell_K_Royal-Texas_Memorial_Stadium_at_Campbell-Williams_Field-2026-03-10_13-53-22,FINALREP,1,5.09911962890625,9.45541845703125,8.110390136718749,4.356298828125,6.1631015625000005,1,False
squats\Spencer\Darrell_K_Royal-Texas_Memorial_Stadium_at_Campbell-Williams_Field-2026-03-10_13-53-22,squats,Spencer,Darrell_K_Royal-Texas_Memorial_Stadium_at_Campbell-Williams_Field-2026-03-10_13-53-22,FINALREP,2,8.110390136718749,12.526904052734373,11.161799316406249,4.416513916015624,9.45541845703125,1,False
squats\Spencer\Darrell_K_Royal-Texas_Memorial_Stadium_at_Campbell-Williams_Field-2026-03-10_13-53-22,squats,Spencer,Darrell_K_Royal-Texas_Memorial_Stadium_at_Campbell-Williams_Field-2026-03-10_13-53-22,FINALREP,3,11.161799316406249,15.698750244140625,14.293500244140624,4.536950927734376,12.526904052734373,1,False
squats\Spencer\Darrell_K_Royal-Texas_Memorial_Stadium_at_Campbell-Williams_Field-2026-03-10_13-53-22,squats,Spencer,Darrell_K_Royal-Texas_Memorial_Stadium_at_Campbell-Williams_Field-2026-03-10_13-53-22,FINALREP,4,14.293500244140624,18.850518554687504,17.4251923828125,4.55701831054688,15.698750244140625,1,False
squats\Spencer\Darrell_K_Royal-Texas_Memorial_Stadium_at_Campbell-Williams_Field-2026-03-10_13-53-22,squats,Spencer,Darrell_K_Royal-Texas_Memorial_Stadium_at_Campbell-Williams_Field-2026-03-10_13-53-22,FINALREP,5,17.4251923828125,21.982203857421876,20.677337158203123,4.557011474609375,18.850518554687504,1,False
squats\Spencer\Darrell_K_Royal-Texas_Memorial_Stadium_at_Campbell-Williams_Field-2026-03-10_13-53-22,squats,Spencer,Darrell_K_Royal-Texas_Memorial_Stadium_at_Campbell-Williams_Field-2026-03-10_13-53-22,FINALREP,6,20.677337158203123,22.548918020019634,22.265560938720753,1.8715808618165113,21.982203857421876,1,True
squats\Spencer\Darrell_K_Royal-Texas_Memorial_Stadium_at_Campbell-Williams_Field-2026-03-10_13-53-22,squats,Spencer,Darrell_K_Royal-Texas_Memorial_Stadium_at_Campbell-Williams_Field-2026-03-10_13-53-22,FINALREP,7,28.526642333984373,30.293239746093754,28.968291015624995,1.7665974121093804,28.526642333984373,2,True
squats\Spencer\Darrell_K_Royal-Texas_Memorial_Stadium_at_Campbell-Williams_Field-2026-03-10_13-53-22,squats,Spencer,Darrell_K_Royal-Texas_Memorial_Stadium_at_Campbell-Williams_Field-2026-03-10_13-53-22,FINALREP,8,28.968291015624995,32.963217041015625,31.75871435546875,3.9949260253906296,30.293239746093754,2,False
squats\Spencer\Darrell_K_Royal-Texas_Memorial_Stadium_at_Campbell-Williams_Field-2026-03-10_13-53-22,squats,Spencer,Darrell_K_Royal-Texas_Memorial_Stadium_at_Campbell-Williams_Field-2026-03-10_13-53-22,FINALREP,9,31.75871435546875,33.555430236816406,33.259323638916015,1.7967158813476551,32.963217041015625,2,True
squats\Spencer\goblet_squat_1x10-2026-03-14_21-09-01,squats,Spencer,goblet_squat_1x10-2026-03-14_21-09-01,FINALREP,1,12.627775146484376,15.137258056640626,13.89619728781961,2.5094829101562492,12.627775146484376,1,False
squats\Spencer\goblet_squat_1x10-2026-03-14_21-09-01,squats,Spencer,goblet_squat_1x10-2026-03-14_21-09-01,FINALREP,2,13.89619728781961,17.887657470703125,16.622873291015626,3.9914601828835146,15.137258056640626,1,False
squats\Spencer\goblet_squat_1x10-2026-03-14_21-09-01,squats,Spencer,goblet_squat_1x10-2026-03-14_21-09-01,FINALREP,3,16.622873291015626,20.678204101562496,19.37326806640625,4.05533081054687,17.887657470703125,1,False
squats\Spencer\goblet_squat_1x10-2026-03-14_21-09-01,squats,Spencer,goblet_squat_1x10-2026-03-14_21-09-01,FINALREP,4,19.37326806640625,23.38844921875,22.023286376953127,4.01518115234375,20.678204101562496,1,False
squats\Spencer\goblet_squat_1x10-2026-03-14_21-09-01,squats,Spencer,goblet_squat_1x10-2026-03-14_21-09-01,FINALREP,5,22.023286376953127,26.07863232421875,24.813844238281252,4.0553459472656215,23.38844921875,1,False
squats\Spencer\goblet_squat_1x10-2026-03-14_21-09-01,squats,Spencer,goblet_squat_1x10-2026-03-14_21-09-01,FINALREP,6,24.813844238281252,28.748755859375006,27.463882080078125,3.934911621093754,26.07863232421875,1,False
squats\Spencer\goblet_squat_1x10-2026-03-14_21-09-01,squats,Spencer,goblet_squat_1x10-2026-03-14_21-09-01,FINALREP,7,27.463882080078125,31.438952148437497,30.174156494140625,3.975070068359372,28.748755859375006,1,False
squats\Spencer\goblet_squat_1x10-2026-03-14_21-09-01,squats,Spencer,goblet_squat_1x10-2026-03-14_21-09-01,FINALREP,8,30.174156494140625,34.14921997070312,32.864358398437496,3.9750634765624966,31.438952148437497,1,False
squats\Spencer\goblet_squat_1x10-2026-03-14_21-09-01,squats,Spencer,goblet_squat_1x10-2026-03-14_21-09-01,FINALREP,9,32.864358398437496,36.87955395507812,35.4943173828125,4.015195556640627,34.14921997070312,1,False
squats\Spencer\goblet_squat_1x10-2026-03-14_21-13-36,squats,Spencer,goblet_squat_1x10-2026-03-14_21-13-36,FINALREP,1,11.0420400390625,13.310679443359374,12.12615295410156,2.2686394042968736,11.021964111328124,1,False
squats\Spencer\goblet_squat_1x10-2026-03-14_21-13-36,squats,Spencer,goblet_squat_1x10-2026-03-14_21-13-36,FINALREP,2,12.12615295410156,15.63954248046875,14.495188964843749,3.51338952636719,13.310679443359374,1,False
squats\Spencer\goblet_squat_1x10-2026-03-14_21-13-36,squats,Spencer,goblet_squat_1x10-2026-03-14_21-13-36,FINALREP,3,14.495188964843749,18.06878515625,16.904353515625,3.573596191406253,15.63954248046875,1,False
squats\Spencer\goblet_squat_1x10-2026-03-14_21-13-36,squats,Spencer,goblet_squat_1x10-2026-03-14_21-13-36,FINALREP,4,16.904353515625,20.417736328125002,19.2733720703125,3.5133828125000015,18.06878515625,1,False
squats\Spencer\goblet_squat_1x10-2026-03-14_21-13-36,squats,Spencer,goblet_squat_1x10-2026-03-14_21-13-36,FINALREP,5,19.2733720703125,22.786772460937506,21.622325439453125,3.513400390625005,20.417736328125002,1,False
squats\Spencer\goblet_squat_1x10-2026-03-14_21-13-36,squats,Spencer,goblet_squat_1x10-2026-03-14_21-13-36,FINALREP,6,21.622325439453125,25.0955830078125,23.971290771484377,3.473257568359376,22.786772460937506,1,False
squats\Spencer\goblet_squat_1x10-2026-03-14_21-13-36,squats,Spencer,goblet_squat_1x10-2026-03-14_21-13-36,FINALREP,7,23.971290771484377,27.424487304687503,26.32026220703125,3.4531965332031263,25.0955830078125,1,False
squats\Spencer\goblet_squat_1x10-2026-03-14_21-13-36,squats,Spencer,goblet_squat_1x10-2026-03-14_21-13-36,FINALREP,8,26.32026220703125,29.873843750000002,28.689315673828126,3.553581542968754,27.424487304687503,1,False
squats\Spencer\goblet_squat_1x10-2026-03-14_21-13-36,squats,Spencer,goblet_squat_1x10-2026-03-14_21-13-36,FINALREP,9,28.689315673828126,32.28305834960938,30.545215751953126,3.5937426757812503,29.873843750000002,1,False
squats\Spencer\squat1x3-2026-03-10_13-28-57,squats,Spencer,squat1x3-2026-03-10_13-28-57,FINALREP,1,7.125710205078125,12.284408935546876,10.698654052734376,5.1586987304687515,7.125710205078125,1,False
squats\Spencer\squat1x3-2026-03-10_13-28-57,squats,Spencer,squat1x3-2026-03-10_13-28-57,FINALREP,2,10.698654052734376,15.636577148437501,14.030744140625,4.937923095703125,12.284408935546876,1,False
squats\Spencer\squat1x3-2026-03-10_13-28-57,squats,Spencer,squat1x3-2026-03-10_13-28-57,FINALREP,3,14.030744140625,18.9686748046875,17.162108642578122,4.937930664062499,15.636577148437501,1,False
squats\Spencer\squat_1x3-2026-03-10_13-23-06,squats,Spencer,squat_1x3-2026-03-10_13-23-06,FINALREP,1,13.700537475585936,17.1231728515625,15.336581787109374,3.422635375976565,13.710574462890625,1,False
squats\Spencer\squat_1x3-2026-03-10_13-23-06,squats,Spencer,squat_1x3-2026-03-10_13-23-06,FINALREP,2,15.336581787109374,20.937260986328123,18.729107666015626,5.6006791992187495,17.1231728515625,1,False
squats\Spencer\squat_1x3-2026-03-10_13-23-06,squats,Spencer,squat_1x3-2026-03-10_13-23-06,FINALREP,3,18.729107666015626,22.688660160064714,21.81296057319642,3.9595524940490883,20.937260986328123,1,True
squats\Spencer\squat_1x6_x_140-2026-03-10_13-37-21,squats,Spencer,squat_1x6_x_140-2026-03-10_13-37-21,FINALREP,1,13.267842041015625,14.853572509765625,14.060707275390625,1.5857304687500005,13.267842041015625,1,True
squats\Spencer\squat_1x6_x_140-2026-03-10_13-37-21,squats,Spencer,squat_1x6_x_140-2026-03-10_13-37-21,FINALREP,2,13.268842041015624,18.125400634765626,16.41923681640625,4.856558593750002,14.853572509765625,1,False
squats\Spencer\squat_1x6_x_140-2026-03-10_13-37-21,squats,Spencer,squat_1x6_x_140-2026-03-10_13-37-21,FINALREP,3,16.41923681640625,21.216577392578127,19.490334960937503,4.797340576171877,18.125400634765626,1,False
squats\Spencer\squat_1x6_x_140-2026-03-10_13-37-21,squats,Spencer,squat_1x6_x_140-2026-03-10_13-37-21,FINALREP,4,19.490334960937503,24.207391845703125,22.62165844726563,4.717056884765622,21.216577392578127,1,False
squats\Spencer\squat_1x6_x_140-2026-03-10_13-37-21,squats,Spencer,squat_1x6_x_140-2026-03-10_13-37-21,FINALREP,5,22.62165844726563,25.57901696777344,24.893204406738285,2.9573585205078103,24.207391845703125,1,True
squats\Spencer\squat_1x8-2026-03-10_13-20-36,squats,Spencer,squat_1x8-2026-03-10_13-20-36,FINALREP,1,12.134563964843752,15.958603759765627,13.97130615234375,3.824039794921875,12.164674072265624,1,False
squats\Spencer\squat_1x8-2026-03-10_13-20-36,squats,Spencer,squat_1x8-2026-03-10_13-20-36,FINALREP,2,13.97130615234375,19.913130615234376,17.5444296875,5.941824462890626,15.958603759765627,1,False
squats\Spencer\squat_1x8-2026-03-10_13-20-36,squats,Spencer,squat_1x8-2026-03-10_13-20-36,FINALREP,3,17.5444296875,23.586619384765626,21.43872998046875,6.042189697265627,19.913130615234376,1,False
squats\Spencer\squat_1x8-2026-03-10_13-20-36,squats,Spencer,squat_1x8-2026-03-10_13-20-36,FINALREP,4,21.43872998046875,27.159755615234374,25.112228759765625,5.721025634765624,23.586619384765626,1,False
squats\Spencer\squat_1x8-2026-03-10_13-20-36,squats,Spencer,squat_1x8-2026-03-10_13-20-36,FINALREP,5,25.112228759765625,30.692732421875,28.725504638671875,5.5805036621093755,27.159755615234374,1,False
squats\Spencer\squat_1x8-2026-03-10_13-20-36,squats,Spencer,squat_1x8-2026-03-10_13-20-36,FINALREP,6,28.725504638671875,34.225716552734376,32.29863916015625,5.5002119140625005,30.692732421875,1,False
squats\Spencer\squat_1x8-2026-03-10_13-20-36,squats,Spencer,squat_1x8-2026-03-10_13-20-36,FINALREP,7,32.29863916015625,37.69850244140625,35.73125927734375,5.399863281249999,34.225716552734376,1,False
squats\Spencer\squat_8x_115-2026-03-03_14-23-15,squats,Spencer,squat_8x_115-2026-03-03_14-23-15,FINALREP,1,11.8047470703125,15.157439941406249,13.43090771484375,3.3526928710937494,11.8047470703125,1,False
squats\Spencer\squat_8x_115-2026-03-03_14-23-15,squats,Spencer,squat_8x_115-2026-03-03_14-23-15,FINALREP,2,13.43090771484375,18.751042236328125,16.82374658203125,5.320134521484375,15.157439941406249,1,False
squats\Spencer\squat_8x_115-2026-03-03_14-23-15,squats,Spencer,squat_8x_115-2026-03-03_14-23-15,FINALREP,3,16.82374658203125,22.264332763671874,20.337044189453128,5.440586181640622,18.751042236328125,1,False
squats\Spencer\squat_8x_115-2026-03-03_14-23-15,squats,Spencer,squat_8x_115-2026-03-03_14-23-15,FINALREP,4,20.337044189453128,25.87797802734375,23.950703369140626,5.540933837890623,22.264332763671874,1,False
squats\Spencer\squat_8x_115-2026-03-03_14-23-15,squats,Spencer,squat_8x_115-2026-03-03_14-23-15,FINALREP,5,23.950703369140626,29.71245947265625,27.544275634765626,5.761756103515623,25.87797802734375,1,False
squats\Spencer\squat_8x_115-2026-03-03_14-23-15,squats,Spencer,squat_8x_115-2026-03-03_14-23-15,FINALREP,6,27.544275634765626,33.22576171875,31.41890673828125,5.681486083984375,29.71245947265625,1,False
squats\Spencer\squat_8x_115-2026-03-03_14-23-15,squats,Spencer,squat_8x_115-2026-03-03_14-23-15,FINALREP,7,31.41890673828125,36.91980053710938,34.83186669921875,5.50089379882813,33.22576171875,1,False
squats\Spencer\squat_8x_115-2026-03-03_14-27-15,squats,Spencer,squat_8x_115-2026-03-03_14-27-15,FINALREP,1,14.714666259765625,16.340713134765625,16.038385771484375,1.6260468750000001,14.983861005859374,1,False
squats\Spencer\squat_8x_115-2026-03-03_14-27-15,squats,Spencer,squat_8x_115-2026-03-03_14-27-15,FINALREP,2,16.330675537109375,20.07460693359375,18.147435302734376,3.743931396484374,16.340713134765625,1,False
squats\Spencer\squat_8x_115-2026-03-03_14-27-15,squats,Spencer,squat_8x_115-2026-03-03_14-27-15,FINALREP,3,18.147435302734376,23.92895678710937,22.00178100585937,5.781521484374995,20.07460693359375,1,False
squats\Spencer\squat_8x_115-2026-03-03_14-27-15,squats,Spencer,squat_8x_115-2026-03-03_14-27-15,FINALREP,4,22.00178100585937,27.462114990234376,25.7758330078125,5.460333984375005,23.92895678710937,1,False
squats\Spencer\squat_8x_115-2026-03-03_14-27-15,squats,Spencer,squat_8x_115-2026-03-03_14-27-15,FINALREP,5,25.7758330078125,31.27630419921875,29.349135498046877,5.500471191406248,27.462114990234376,1,False
squats\Spencer\squat_8x_115-2026-03-03_14-27-15,squats,Spencer,squat_8x_115-2026-03-03_14-27-15,FINALREP,6,29.349135498046877,34.84962573242188,32.92243798828125,5.500490234375,31.27630419921875,1,False
squats\Spencer\squat_8x_115-2026-03-03_14-27-15,squats,Spencer,squat_8x_115-2026-03-03_14-27-15,FINALREP,7,32.92243798828125,38.483186767578125,36.816966796875,5.560748779296873,34.84962573242188,1,False
squats\Spencer\squat_8x_115-2026-03-03_14-27-15,squats,Spencer,squat_8x_115-2026-03-03_14-27-15,FINALREP,8,36.816966796875,42.618634765625,40.55090844726562,5.801667968750003,38.483186767578125,1,False
